Domain,CivilizationType,LeaderType,LeaderName,LeaderIcon,CivilizationName,CivilizationIcon,LeaderAbilityName,LeaderAbilityDescription,LeaderAbilityIcon,CivilizationAbilityName,CivilizationAbilityDescription,CivilizationAbilityIcon,Portrait,PortraitBackground,PlayerColor,HumanPlayable,SortIndex
Players:Expansion2_Players,CIVILIZATION_AMERICA,LEADER_T_ROOSEVELT,LOC_LEADER_T_ROOSEVELT_ORIGINAL_NAME,ICON_LEADER_T_ROOSEVELT,LOC_CIVILIZATION_AMERICA_NAME,ICON_CIVILIZATION_AMERICA,LOC_TRAIT_LEADER_ANTIQUES_AND_PARKS_NAME,LOC_TRAIT_LEADER_ANTIQUES_AND_PARKS_DESCRIPTION,ICON_LEADER_T_ROOSEVELT,LOC_TRAIT_CIVILIZATION_FOUNDING_FATHERS_NAME,LOC_TRAIT_CIVILIZATION_FOUNDING_FATHERS_EXPANSION2_DESCRIPTION,ICON_CIVILIZATION_AMERICA,LEADER_T_ROOSEVELT_NEUTRAL,LEADER_T_ROOSEVELT_BACKGROUND,,1,
Players:Expansion2_Players,CIVILIZATION_AMERICA,LEADER_T_ROOSEVELT_ROUGHRIDER,LOC_LEADER_T_ROOSEVELT_ROUGHRIDER_NAME,ICON_LEADER_T_ROOSEVELT_ROUGHRIDER,LOC_CIVILIZATION_AMERICA_NAME,ICON_CIVILIZATION_AMERICA,LOC_TRAIT_LEADER_ROOSEVELT_COROLLARY_NAME,LOC_TRAIT_LEADER_ROOSEVELT_COROLLARY_ROUGH_RIDER_DESCRIPTION,ICON_LEADER_T_ROOSEVELT_ROUGHRIDER,LOC_TRAIT_CIVILIZATION_FOUNDING_FATHERS_NAME,LOC_TRAIT_CIVILIZATION_FOUNDING_FATHERS_EXPANSION2_DESCRIPTION,ICON_CIVILIZATION_AMERICA,LEADER_T_ROOSEVELT_ROUGHRIDER_NEUTRAL,LEADER_T_ROOSEVELT_BACKGROUND,,1,
Players:Expansion2_Players,CIVILIZATION_ARABIA,LEADER_SALADIN,LOC_LEADER_SALADIN_NAME,ICON_LEADER_SALADIN,LOC_CIVILIZATION_ARABIA_NAME,ICON_CIVILIZATION_ARABIA,LOC_TRAIT_LEADER_RIGHTEOUSNESS_OF_FAITH_NAME,LOC_TRAIT_LEADER_RIGHTEOUSNESS_OF_FAITH_DESCRIPTION,ICON_LEADER_SALADIN,LOC_TRAIT_CIVILIZATION_LAST_PROPHET_NAME,LOC_TRAIT_CIVILIZATION_LAST_PROPHET_DESCRIPTION,ICON_CIVILIZATION_ARABIA,,,,1,
Players:Expansion2_Players,CIVILIZATION_AUSTRALIA,LEADER_JOHN_CURTIN,LOC_LEADER_JOHN_CURTIN_NAME,ICON_LEADER_JOHN_CURTIN,LOC_CIVILIZATION_AUSTRALIA_NAME,ICON_CIVILIZATION_AUSTRALIA,LOC_TRAIT_LEADER_CITADEL_CIVILIZATION_NAME,LOC_TRAIT_LEADER_CITADEL_CIVILIZATION_EXPANSION2_DESCRIPTION,ICON_LEADER_JOHN_CURTIN,LOC_TRAIT_CIVILIZATION_LAND_DOWN_UNDER_NAME,LOC_TRAIT_CIVILIZATION_LAND_DOWN_UNDER_DESCRIPTION,ICON_CIVILIZATION_AUSTRALIA,,LEADER_JOHN_CURTIN_BACKGROUND,,1,
Players:Expansion2_Players,CIVILIZATION_AZTEC,LEADER_MONTEZUMA,LOC_LEADER_MONTEZUMA_NAME,ICON_LEADER_MONTEZUMA,LOC_CIVILIZATION_AZTEC_NAME,ICON_CIVILIZATION_AZTEC,LOC_TRAIT_LEADER_GIFTS_FOR_TLATOANI_NAME,LOC_TRAIT_LEADER_GIFTS_FOR_TLATOANI_DESCRIPTION,ICON_LEADER_MONTEZUMA,LOC_TRAIT_CIVILIZATION_LEGEND_FIVE_SUNS_NAME,LOC_TRAIT_CIVILIZATION_LEGEND_FIVE_SUNS_DESCRIPTION,ICON_CIVILIZATION_AZTEC,,,,1,
Players:Expansion2_Players,CIVILIZATION_BABYLON_STK,LEADER_HAMMURABI,LOC_LEADER_HAMMURABI_NAME,ICON_LEADER_HAMMURABI,LOC_CIVILIZATION_BABYLON_STK_NAME,ICON_CIVILIZATION_BABYLON_STK,LOC_TRAIT_LEADER_HAMMURABI_NAME,LOC_TRAIT_LEADER_HAMMURABI_XP1_DESCRIPTION,ICON_LEADER_HAMMURABI,LOC_TRAIT_CIVILIZATION_BABYLON_NAME,LOC_TRAIT_CIVILIZATION_BABYLON_DESCRIPTION,ICON_CIVILIZATION_BABYLON_STK,LEADER_HAMMURABI_NEUTRAL,LEADER_HAMMURABI_BACKGROUND,,1,
Players:Expansion2_Players,CIVILIZATION_BRAZIL,LEADER_PEDRO,LOC_LEADER_PEDRO_NAME,ICON_LEADER_PEDRO,LOC_CIVILIZATION_BRAZIL_NAME,ICON_CIVILIZATION_BRAZIL,LOC_TRAIT_LEADER_MAGNANIMOUS_NAME,LOC_TRAIT_LEADER_MAGNANIMOUS_DESCRIPTION,ICON_LEADER_PEDRO,LOC_TRAIT_CIVILIZATION_AMAZON_NAME,LOC_TRAIT_CIVILIZATION_AMAZON_DESCRIPTION,ICON_CIVILIZATION_BRAZIL,,,,1,
Players:Expansion2_Players,CIVILIZATION_BYZANTIUM,LEADER_BASIL,LOC_LEADER_BASIL_NAME,ICON_LEADER_BASIL,LOC_CIVILIZATION_BYZANTIUM_NAME,ICON_CIVILIZATION_BYZANTIUM,LOC_TRAIT_LEADER_BASIL_NAME,LOC_TRAIT_LEADER_BASIL_DESCRIPTION,ICON_LEADER_BASIL,LOC_TRAIT_CIVILIZATION_BYZANTIUM_NAME,LOC_TRAIT_CIVILIZATION_BYZANTIUM_DESCRIPTION,ICON_CIVILIZATION_BYZANTIUM,LEADER_BASIL_NEUTRAL,LEADER_BASIL_BACKGROUND,,1,
Players:Expansion2_Players,CIVILIZATION_CANADA,LEADER_LAURIER,LOC_LEADER_LAURIER_NAME,ICON_LEADER_LAURIER,LOC_CIVILIZATION_CANADA_NAME,ICON_CIVILIZATION_CANADA,LOC_TRAIT_LEADER_LAST_BEST_WEST_NAME,LOC_TRAIT_LEADER_LAST_BEST_WEST_DESCRIPTION,ICON_LEADER_LAURIER,LOC_TRAIT_CIVILIZATION_FACES_OF_PEACE_NAME,LOC_TRAIT_CIVILIZATION_FACES_OF_PEACE_DESCRIPTION,ICON_CIVILIZATION_CANADA,,,,1,
Players:Expansion2_Players,CIVILIZATION_CHINA,LEADER_QIN,LOC_LEADER_QIN_NAME,ICON_LEADER_QIN,LOC_CIVILIZATION_CHINA_NAME,ICON_CIVILIZATION_CHINA,LOC_TRAIT_LEADER_FIRST_EMPEROR_NAME,LOC_TRAIT_LEADER_FIRST_EMPEROR_EXPANSION2_DESCRIPTION,ICON_LEADER_QIN,LOC_TRAIT_CIVILIZATION_DYNASTIC_CYCLE_NAME,LOC_TRAIT_CIVILIZATION_DYNASTIC_CYCLE_EXPANSION2_DESCRIPTION,ICON_CIVILIZATION_CHINA,,,,1,
Players:Expansion2_Players,CIVILIZATION_CHINA,LEADER_KUBLAI_KHAN_CHINA,LOC_LEADER_KUBLAI_KHAN_C_NAME,ICON_LEADER_KUBLAI_KHAN_CHINA,LOC_CIVILIZATION_CHINA_NAME,ICON_CIVILIZATION_CHINA,LOC_TRAIT_LEADER_KUBLAI_NAME,LOC_TRAIT_LEADER_KUBLAI_DESCRIPTION,ICON_LEADER_KUBLAI,LOC_TRAIT_CIVILIZATION_DYNASTIC_CYCLE_NAME,LOC_TRAIT_CIVILIZATION_DYNASTIC_CYCLE_EXPANSION2_DESCRIPTION,ICON_CIVILIZATION_DYNASTIC_CYCLE,LEADER_KUBLAI_KHAN_CHINA_NEUTRAL,LEADER_KUBLAI_KHAN_CHINA_BACKGROUND,,1,
Players:Expansion2_Players,CIVILIZATION_CREE,LEADER_POUNDMAKER,LOC_LEADER_POUNDMAKER_NAME,ICON_LEADER_POUNDMAKER,LOC_CIVILIZATION_CREE_NAME,ICON_CIVILIZATION_CREE,LOC_LEADER_POUNDMAKER_ABILITY_NAME,LOC_LEADER_POUNDMAKER_ABILITY_DESCRIPTION,ICON_LEADER_PETER,LOC_TRAIT_CIVILIZATION_CREE_TRADE_GAIN_TILES_NAME,LOC_TRAIT_CIVILIZATION_CREE_TRADE_GAIN_TILES_DESCRIPTION,ICON_CIVILIZATION_BRAZIL,,,,1,
Players:Expansion2_Players,CIVILIZATION_EGYPT,LEADER_CLEOPATRA,LOC_LEADER_CLEOPATRA_NAME,ICON_LEADER_CLEOPATRA,LOC_CIVILIZATION_EGYPT_NAME,ICON_CIVILIZATION_EGYPT,LOC_TRAIT_LEADER_MEDITERRANEAN_NAME,LOC_TRAIT_LEADER_MEDITERRANEAN_EXPANSION2_DESCRIPTION,LEADER_CLEOPATRA,LOC_TRAIT_CIVILIZATION_ITERU_NAME,LOC_TRAIT_CIVILIZATION_ITERU_EXPANSION2_DESCRIPTION,ICON_CIVILIZATION_EGYPT,,,,1,
Players:Expansion2_Players,CIVILIZATION_ENGLAND,LEADER_ELEANOR_ENGLAND,LOC_LEADER_ELEANOR_NAME,ICON_LEADER_ELEANOR_ENGLAND,LOC_CIVILIZATION_ENGLAND_NAME,ICON_CIVILIZATION_ENGLAND,LOC_TRAIT_LEADER_ELEANOR_LOYALTY_NAME,LOC_TRAIT_LEADER_ELEANOR_LOYALTY_DESCRIPTION,ICON_LEADER_ELEANOR_ENGLAND,LOC_TRAIT_CIVILIZATION_INDUSTRIAL_REVOLUTION_NAME,LOC_TRAIT_CIVILIZATION_INDUSTRIAL_REVOLUTION_DESCRIPTION,ICON_CIVILIZATION_ENGLAND,,,,1,
Players:Expansion2_Players,CIVILIZATION_ENGLAND,LEADER_VICTORIA,LOC_LEADER_VICTORIA_NAME,ICON_LEADER_VICTORIA,LOC_CIVILIZATION_ENGLAND_NAME,ICON_CIVILIZATION_ENGLAND,LOC_TRAIT_LEADER_PAX_BRITANNICA_NAME,LOC_TRAIT_CIVILIZATION_PAX_BRITANNICA_EXPANSION2_DESCRIPTION,ICON_LEADER_VICTORIA,LOC_TRAIT_CIVILIZATION_INDUSTRIAL_REVOLUTION_NAME,LOC_TRAIT_CIVILIZATION_INDUSTRIAL_REVOLUTION_DESCRIPTION,ICON_CIVILIZATION_ENGLAND,,,,1,
Players:Expansion2_Players,CIVILIZATION_ETHIOPIA,LEADER_MENELIK,LOC_LEADER_MENELIK_NAME,ICON_LEADER_MENELIK,LOC_CIVILIZATION_ETHIOPIA_NAME,ICON_CIVILIZATION_ETHIOPIA,LOC_TRAIT_LEADER_MENELIK_NAME,LOC_TRAIT_LEADER_MENELIK_DESCRIPTION,ICON_LEADER_MENELIK,LOC_TRAIT_CIVILIZATION_ETHIOPIA_NAME,LOC_TRAIT_CIVILIZATION_ETHIOPIA_DESCRIPTION,ICON_CIVILIZATION_ETHIOPIA,LEADER_MENELIK_NEUTRAL,LEADER_MENELIK_BACKGROUND,,1,
Players:Expansion2_Players,CIVILIZATION_FRANCE,LEADER_ELEANOR_FRANCE,LOC_LEADER_ELEANOR_FRANCE_NAME,ICON_LEADER_ELEANOR_FRANCE,LOC_CIVILIZATION_FRANCE_NAME,ICON_CIVILIZATION_FRANCE,LOC_TRAIT_LEADER_ELEANOR_LOYALTY_NAME,LOC_TRAIT_LEADER_ELEANOR_LOYALTY_DESCRIPTION,ICON_LEADER_ELEANOR_FRANCE,LOC_TRAIT_CIVILIZATION_WONDER_TOURISM_NAME,LOC_TRAIT_CIVILIZATION_WONDER_TOURISM_DESCRIPTION,ICON_CIVILIZATION_FRANCE,,,,1,
Players:Expansion2_Players,CIVILIZATION_FRANCE,LEADER_CATHERINE_DE_MEDICI,LOC_LEADER_CATHERINE_DE_MEDICI_EXPANDED_NAME,ICON_LEADER_CATHERINE_DE_MEDICI,LOC_CIVILIZATION_FRANCE_NAME,ICON_CIVILIZATION_FRANCE,LOC_TRAIT_LEADER_FLYING_SQUADRON_NAME,LOC_TRAIT_LEADER_FLYING_SQUADRON_DESCRIPTION,ICON_LEADER_CATHERINE_DE_MEDICI,LOC_TRAIT_CIVILIZATION_WONDER_TOURISM_NAME,LOC_TRAIT_CIVILIZATION_WONDER_TOURISM_DESCRIPTION,ICON_CIVILIZATION_FRANCE,LEADER_CATHERINE_DE_MEDICI_NEUTRAL,LEADER_CATHERINE_DE_MEDICI_BACKGROUND,,1,
Players:Expansion2_Players,CIVILIZATION_FRANCE,LEADER_CATHERINE_DE_MEDICI_ALT,LOC_LEADER_CATHERINE_DE_MEDICI_ALT_NAME,ICON_LEADER_CATHERINE_DE_MEDICI_ALT,LOC_CIVILIZATION_FRANCE_NAME,ICON_CIVILIZATION_FRANCE,LOC_TRAIT_LEADER_MAGNIFICENCES_NAME,LOC_TRAIT_LEADER_MAGNIFICENCES_DESCRIPTION,ICON_LEADER_CATHERINE_DE_MEDICI_ALT,LOC_TRAIT_CIVILIZATION_WONDER_TOURISM_NAME,LOC_TRAIT_CIVILIZATION_WONDER_TOURISM_DESCRIPTION,ICON_CIVILIZATION_FRANCE,LEADER_CATHERINE_DE_MEDICI_ALT_NEUTRAL,LEADER_CATHERINE_DE_MEDICI_BACKGROUND,,1,
Players:Expansion2_Players,CIVILIZATION_GAUL,LEADER_AMBIORIX,LOC_LEADER_AMBIORIX_NAME,ICON_LEADER_AMBIORIX,LOC_CIVILIZATION_GAUL_NAME,ICON_CIVILIZATION_GAUL,LOC_TRAIT_LEADER_AMBIORIX_NAME,LOC_TRAIT_LEADER_AMBIORIX_DESCRIPTION,ICON_LEADER_AMBIORIX,LOC_TRAIT_CIVILIZATION_GAUL_NAME,LOC_TRAIT_CIVILIZATION_GAUL_DESCRIPTION,ICON_CIVILIZATION_GAUL,LEADER_AMBIORIX_NEUTRAL,LEADER_AMBIORIX_BACKGROUND,,1,
Players:Expansion2_Players,CIVILIZATION_GEORGIA,LEADER_TAMAR,LOC_LEADER_TAMAR_NAME,ICON_LEADER_TAMAR,LOC_CIVILIZATION_GEORGIA_NAME,ICON_CIVILIZATION_GEORGIA,LOC_TRAIT_LEADER_RELIGION_CITY_STATES_NAME,LOC_TRAIT_LEADER_RELIGION_CITY_STATES_DESCRIPTION,ICON_LEADER_PEDRO,LOC_TRAIT_CIVILIZATION_GOLDEN_AGE_QUESTS_NAME,LOC_TRAIT_CIVILIZATION_GOLDEN_AGE_QUESTS_DESCRIPTION,ICON_CIVILIZATION_BRAZIL,,,,1,
Players:Expansion2_Players,CIVILIZATION_GERMANY,LEADER_BARBAROSSA,LOC_LEADER_BARBAROSSA_NAME,ICON_LEADER_BARBAROSSA,LOC_CIVILIZATION_GERMANY_NAME,ICON_CIVILIZATION_GERMANY,LOC_TRAIT_LEADER_HOLY_ROMAN_EMPEROR_NAME,LOC_TRAIT_LEADER_HOLY_ROMAN_EMPEROR_DESCRIPTION,ICON_LEADER_BARBAROSSA,LOC_TRAIT_CIVILIZATION_IMPERIAL_FREE_CITIES_NAME,LOC_TRAIT_CIVILIZATION_IMPERIAL_FREE_CITIES_DESCRIPTION,ICON_CIVILIZATION_GERMANY,,,,1,
Players:Expansion2_Players,CIVILIZATION_GRAN_COLOMBIA,LEADER_SIMON_BOLIVAR,LOC_LEADER_SIMON_BOLIVAR_NAME,ICON_LEADER_SIMON_BOLIVAR,LOC_CIVILIZATION_GRAN_COLOMBIA_NAME,ICON_CIVILIZATION_GRAN_COLOMBIA,LOC_TRAIT_LEADER_CAMPANA_ADMIRABLE_NAME,LOC_TRAIT_LEADER_CAMPANA_ADMIRABLE_DESCRIPTION_XP1,ICON_LEADER_SIMON_BOLIVAR,LOC_TRAIT_CIVILIZATION_EJERCITO_PATRIOTA_NAME,LOC_TRAIT_CIVILIZATION_EJERCITO_PATRIOTA_DESCRIPTION,ICON_CIVILIZATION_GRAN_COLOMBIA,LEADER_SIMON_BOLIVAR_NEUTRAL,LEADER_SIMON_BOLIVAR_BACKGROUND,,1,
Players:Expansion2_Players,CIVILIZATION_GREECE,LEADER_GORGO,LOC_LEADER_GORGO_NAME,ICON_LEADER_GORGO,LOC_CIVILIZATION_GREECE_NAME,ICON_CIVILIZATION_GREECE_GORGO,LOC_TRAIT_LEADER_THERMOPYLAE_NAME,LOC_TRAIT_LEADER_THERMOPYLAE_DESCRIPTION,ICON_LEADER_GORGO,LOC_TRAIT_CIVILIZATION_PLATOS_REPUBLIC_NAME,LOC_TRAIT_CIVILIZATION_PLATOS_REPUBLIC_DESCRIPTION,ICON_CIVILIZATION_GREECE,,,,1,
Players:Expansion2_Players,CIVILIZATION_GREECE,LEADER_PERICLES,LOC_LEADER_PERICLES_NAME,ICON_LEADER_PERICLES,LOC_CIVILIZATION_GREECE_NAME,ICON_CIVILIZATION_GREECE,LOC_TRAIT_LEADER_SURROUNDED_BY_GLORY_NAME,LOC_TRAIT_LEADER_SURROUNDED_BY_GLORY_DESCRIPTION,ICON_LEADER_PERICLES,LOC_TRAIT_CIVILIZATION_PLATOS_REPUBLIC_NAME,LOC_TRAIT_CIVILIZATION_PLATOS_REPUBLIC_DESCRIPTION,ICON_CIVILIZATION_GREECE,,,,1,
Players:Expansion2_Players,CIVILIZATION_HUNGARY,LEADER_MATTHIAS_CORVINUS,LOC_LEADER_MATTHIAS_CORVINUS_NAME,ICON_LEADER_MATTHIAS_CORVINUS,LOC_CIVILIZATION_HUNGARY_NAME,ICON_CIVILIZATION_HUNGARY,LOC_TRAIT_LEADER_RAVEN_KING_NAME,LOC_TRAIT_LEADER_RAVEN_KING_DESCRIPTION,ICON_LEADER_MATTHIAS_CORVINUS,LOC_TRAIT_CIVILIZATION_PEARL_DANUBE_NAME,LOC_TRAIT_CIVILIZATION_PEARL_DANUBE_DESCRIPTION,ICON_CIVILIZATION_HUNGARY,,,,1,
Players:Expansion2_Players,CIVILIZATION_INCA,LEADER_PACHACUTI,LOC_LEADER_PACHACUTI_NAME,ICON_LEADER_PACHACUTI,LOC_CIVILIZATION_INCA_NAME,ICON_CIVILIZATION_INCA,LOC_TRAIT_LEADER_PACHACUTI_QHAPAQ_NAN_NAME,LOC_TRAIT_LEADER_PACHACUTI_QHAPAQ_NAN_DESCRIPTION,ICON_LEADER_PACHACUTI,LOC_TRAIT_CIVILIZATION_GREAT_MOUNTAINS_NAME,LOC_TRAIT_CIVILIZATION_GREAT_MOUNTAINS_DESCRIPTION,ICON_CIVILIZATION_INCA,,,,1,
Players:Expansion2_Players,CIVILIZATION_INDIA,LEADER_CHANDRAGUPTA,LOC_LEADER_CHANDRAGUPTA_NAME,ICON_LEADER_CHANDRAGUPTA,LOC_CIVILIZATION_INDIA_NAME,ICON_CIVILIZATION_INDIA_2,LOC_TRAIT_LEADER_ARTHASHASTRA_NAME,LOC_TRAIT_LEADER_ARTHASHASTRA_DESCRIPTION,ICON_LEADER_GILGAMESH,LOC_TRAIT_CIVILIZATION_DHARMA_NAME,LOC_TRAIT_CIVILIZATION_DHARMA_EXPANSION2_DESCRIPTION,ICON_CIVILIZATION_INDIA,,,,1,
Players:Expansion2_Players,CIVILIZATION_INDIA,LEADER_GANDHI,LOC_LEADER_GANDHI_NAME,ICON_LEADER_GANDHI,LOC_CIVILIZATION_INDIA_NAME,ICON_CIVILIZATION_INDIA,LOC_TRAIT_LEADER_SATYAGRAHA_NAME,LOC_TRAIT_LEADER_SATYAGRAHA_DESCRIPTION,ICON_LEADER_GANDHI,LOC_TRAIT_CIVILIZATION_DHARMA_NAME,LOC_TRAIT_CIVILIZATION_DHARMA_EXPANSION2_DESCRIPTION,ICON_CIVILIZATION_INDIA,,,,1,
Players:Expansion2_Players,CIVILIZATION_INDONESIA,LEADER_GITARJA,LOC_LEADER_GITARJA_NAME,ICON_LEADER_GITARJA,LOC_CIVILIZATION_INDONESIA_NAME,ICON_CIVILIZATION_INDONESIA,LOC_TRAIT_LEADER_EXALTED_GODDESS_NAME,LOC_TRAIT_LEADER_EXALTED_GODDESS_DESCRIPTION,ICON_LEADER_GITARJA,LOC_TRAIT_CIVILIZATION_INDONESIA_NUSANTARA_NAME,LOC_TRAIT_CIVILIZATION_INDONESIA_NUSANTARA_DESCRIPTION,ICON_CIVILIZATION_INDONESIA,LEADER_GITARJA_NEUTRAL,LEADER_GITARJA_BACKGROUND,,1,
Players:Expansion2_Players,CIVILIZATION_JAPAN,LEADER_HOJO,LOC_LEADER_HOJO_NAME,ICON_LEADER_HOJO,LOC_CIVILIZATION_JAPAN_NAME,ICON_CIVILIZATION_JAPAN,LOC_TRAIT_LEADER_DIVINE_WIND_NAME,LOC_TRAIT_LEADER_DIVINE_WIND_EXPANSION2_DESCRIPTION,ICON_LEADER_HOJO,LOC_TRAIT_CIVILIZATION_ADJACENT_DISTRICTS_NAME,LOC_TRAIT_CIVILIZATION_ADJACENT_DISTRICTS_DESCRIPTION,ICON_CIVILIZATION_JAPAN,,,,1,
Players:Expansion2_Players,CIVILIZATION_KHMER,LEADER_JAYAVARMAN,LOC_LEADER_JAYAVARMAN_NAME,ICON_LEADER_JAYAVARMAN,LOC_CIVILIZATION_KHMER_NAME,ICON_CIVILIZATION_KHMER,LOC_TRAIT_LEADER_MONASTERIES_KING_NAME,LOC_TRAIT_LEADER_MONASTERIES_KING_EXPANSION2_DESCRIPTION,ICON_LEADER_JAYAVARMAN,LOC_TRAIT_CIVILIZATION_KHMER_BARAYS_NAME,LOC_TRAIT_CIVILIZATION_KHMER_BARAYS_EXPANSION2_DESCRIPTION,ICON_CIVILIZATION_KHMER,LEADER_JAYAVARMAN_NEUTRAL,LEADER_JAYAVARMAN_BACKGROUND,,1,
Players:Expansion2_Players,CIVILIZATION_KONGO,LEADER_MVEMBA,LOC_LEADER_MVEMBA_NAME,ICON_LEADER_MVEMBA,LOC_CIVILIZATION_KONGO_NAME,ICON_CIVILIZATION_KONGO,LOC_TRAIT_LEADER_RELIGIOUS_CONVERT_NAME,LOC_TRAIT_LEADER_RELIGIOUS_CONVERT_DESCRIPTION,ICON_LEADER_MVEMBA,LOC_TRAIT_CIVILIZATION_NKISI_NAME,LOC_TRAIT_CIVILIZATION_NKISI_DESCRIPTION,ICON_CIVILIZATION_KONGO,,,,1,
Players:Expansion2_Players,CIVILIZATION_KOREA,LEADER_SEONDEOK,LOC_LEADER_SEONDEOK_NAME,ICON_LEADER_SEONDEOK,LOC_CIVILIZATION_KOREA_NAME,ICON_CIVILIZATION_KOREA,LOC_TRAIT_LEADER_HWARANG_NAME,LOC_TRAIT_LEADER_HWARANG_DESCRIPTION,ICON_LEADER_PEDRO,LOC_TRAIT_CIVILIZATION_THREE_KINGDOMS_NAME,LOC_TRAIT_CIVILIZATION_THREE_KINGDOMS_DESCRIPTION,ICON_CIVILIZATION_BRAZIL,LEADER_SEONDEOK_NEUTRAL,LEADER_SEONDEOK_BACKGROUND,,1,
Players:Expansion2_Players,CIVILIZATION_MACEDON,LEADER_ALEXANDER,LOC_LEADER_ALEXANDER_NAME,ICON_LEADER_ALEXANDER,LOC_CIVILIZATION_MACEDON_NAME,ICON_CIVILIZATION_MACEDON,LOC_TRAIT_LEADER_TO_WORLDS_END_NAME,LOC_TRAIT_LEADER_TO_WORLDS_END_DESCRIPTION,ICON_LEADER_ALEXANDER,LOC_TRAIT_LEADER_HELLENISTIC_FUSION_NAME,LOC_TRAIT_LEADER_HELLENISTIC_FUSION_EXPANSION1_DESCRIPTION,ICON_CIVILIZATION_MACEDON,LEADER_ALEXANDER_NEUTRAL,LEADER_ALEXANDER_BACKGROUND,,1,
Players:Expansion2_Players,CIVILIZATION_MALI,LEADER_MANSA_MUSA,LOC_LEADER_MANSA_MUSA_NAME,ICON_LEADER_MANSA_MUSA,LOC_CIVILIZATION_MALI_NAME,ICON_CIVILIZATION_MALI,LOC_TRAIT_LEADER_SAHEL_MERCHANTS_NAME,LOC_TRAIT_LEADER_SAHEL_MERCHANTS_DESCRIPTION,ICON_LEADER_MANSA_MUSA,LOC_TRAIT_CIVILIZATION_MALI_GOLD_DESERT_NAME,LOC_TRAIT_CIVILIZATION_MALI_GOLD_DESERT_DESCRIPTION,ICON_CIVILIZATION_MALI,,,,1,
Players:Expansion2_Players,CIVILIZATION_MAORI,LEADER_KUPE,LOC_LEADER_KUPE_NAME,ICON_LEADER_KUPE,LOC_CIVILIZATION_MAORI_NAME,ICON_CIVILIZATION_MAORI,LOC_TRAIT_LEADER_KUPES_VOYAGE_NAME,LOC_TRAIT_LEADER_KUPES_VOYAGE_DESCRIPTION,ICON_LEADER_KUPE,LOC_TRAIT_CIVILIZATION_MAORI_MANA_NAME,LOC_TRAIT_CIVILIZATION_MAORI_MANA_DESCRIPTION,ICON_CIVILIZATION_MAORI,,,,1,
Players:Expansion2_Players,CIVILIZATION_MAPUCHE,LEADER_LAUTARO,LOC_LEADER_LAUTARO_NAME,ICON_LEADER_LAUTARO,LOC_CIVILIZATION_MAPUCHE_NAME,ICON_CIVILIZATION_MAPUCHE,LOC_TRAIT_LEADER_LAUTARO_ABILITY_NAME,LOC_TRAIT_LEADER_LAUTARO_ABILITY_DESCRIPTION_ALT,ICON_LEADER_PEDRO,LOC_TRAIT_CIVILIZATION_MAPUCHE_TOQUI_NAME,LOC_TRAIT_CIVILIZATION_MAPUCHE_TOQUI_DESCRIPTION,ICON_CIVILIZATION_BRAZIL,,,,1,
Players:Expansion2_Players,CIVILIZATION_MAYA,LEADER_LADY_SIX_SKY,LOC_LEADER_LADY_SIX_SKY_NAME,ICON_LEADER_LADY_SIX_SKY,LOC_CIVILIZATION_MAYA_NAME,ICON_CIVILIZATION_MAYA,LOC_TRAIT_LEADER_MUTAL_NAME,LOC_TRAIT_LEADER_MUTAL_DESCRIPTION,ICON_LEADER_LADY_SIX_SKY,LOC_TRAIT_CIVILIZATION_MAYAB_NAME,LOC_TRAIT_CIVILIZATION_MAYAB_DESCRIPTION,ICON_CIVILIZATION_MAYA,LEADER_LADY_SIX_SKY_NEUTRAL,LEADER_LADY_SIX_SKY_BACKGROUND,,1,
Players:Expansion2_Players,CIVILIZATION_MONGOLIA,LEADER_GENGHIS_KHAN,LOC_LEADER_GENGHIS_KHAN_NAME,ICON_LEADER_GENGHIS_KHAN,LOC_CIVILIZATION_MONGOLIA_NAME,ICON_CIVILIZATION_MONGOLIA,LOC_TRAIT_LEADER_GENGHIS_KHAN_ABILITY_NAME,LOC_TRAIT_LEADER_GENGHIS_KHAN_ABILITY_DESCRIPTION,ICON_LEADER_QIN,LOC_TRAIT_CIVILIZATION_MONGOLIAN_ORTOO_NAME,LOC_TRAIT_CIVILIZATION_MONGOLIAN_ORTOO_DESCRIPTION,ICON_CIVILIZATION_CHINA,,,,1,
Players:Expansion2_Players,CIVILIZATION_MONGOLIA,LEADER_KUBLAI_KHAN_MONGOLIA,LOC_LEADER_KUBLAI_KHAN_NAME,ICON_LEADER_KUBLAI_KHAN_MONGOLIA,LOC_CIVILIZATION_MONGOLIA_NAME,ICON_CIVILIZATION_MONGOLIA,LOC_TRAIT_LEADER_KUBLAI_NAME,LOC_TRAIT_LEADER_KUBLAI_DESCRIPTION,ICON_LEADER_KUBLAI,LOC_TRAIT_CIVILIZATION_MONGOLIAN_ORTOO_NAME,LOC_TRAIT_CIVILIZATION_MONGOLIAN_ORTOO_DESCRIPTION,ICON_CIVILIZATION_MONGOLIAN_ORTOO,LEADER_KUBLAI_KHAN_MONGOLIA_NEUTRAL,LEADER_KUBLAI_KHAN_MONGOLIA_BACKGROUND,,1,
Players:Expansion2_Players,CIVILIZATION_NETHERLANDS,LEADER_WILHELMINA,LOC_LEADER_WILHELMINA_NAME,ICON_LEADER_WILHELMINA,LOC_CIVILIZATION_NETHERLANDS_NAME,ICON_CIVILIZATION_NETHERLANDS,LOC_TRAIT_RADIO_ORANJE_NAME,LOC_TRAIT_RADIO_ORANJE_DESCRIPTION,LEADER_CLEOPATRA,LOC_TRAIT_CIVILIZATION_GROTE_RIVIEREN_NAME,LOC_TRAIT_CIVILIZATION_GROTE_RIVIEREN_EXPANSION2_DESCRIPTION,ICON_CIVILIZATION_EGYPT,,,,1,
Players:Expansion2_Players,CIVILIZATION_NORWAY,LEADER_HARDRADA,LOC_LEADER_HARDRADA_NAME,ICON_LEADER_HARDRADA,LOC_CIVILIZATION_NORWAY_NAME,ICON_CIVILIZATION_NORWAY,LOC_TRAIT_LEADER_THUNDERBOLT_NAME,LOC_TRAIT_LEADER_THUNDERBOLT_EXPANSION2_DESCRIPTION,ICON_LEADER_HARDRADA,LOC_TRAIT_CIVILIZATION_EARLY_OCEAN_NAVIGATION_NAME,LOC_TRAIT_CIVILIZATION_EARLY_OCEAN_NAVIGATION_DESCRIPTION,ICON_CIVILIZATION_NORWAY,,,,1,
Players:Expansion2_Players,CIVILIZATION_NUBIA,LEADER_AMANITORE,LOC_LEADER_AMANITORE_NAME,ICON_LEADER_AMANITORE,LOC_CIVILIZATION_NUBIA_NAME,ICON_CIVILIZATION_NUBIA,LOC_TRAIT_LEADER_KANDAKE_OF_MEROE_NAME,LOC_TRAIT_LEADER_KANDAKE_OF_MEROE_DESCRIPTION,ICON_LEADER_AMANITORE,LOC_TRAIT_CIVILIZATION_TA_SETI_NAME,LOC_TRAIT_CIVILIZATION_TA_SETI_DESCRIPTION,ICON_CIVILIZATION_NUBIA,,LEADER_AMANITORE_BACKGROUND,,1,
Players:Expansion2_Players,CIVILIZATION_OTTOMAN,LEADER_SULEIMAN,LOC_LEADER_SULEIMAN_NAME,ICON_LEADER_SULEIMAN,LOC_CIVILIZATION_OTTOMAN_NAME,ICON_CIVILIZATION_OTTOMAN,LOC_TRAIT_LEADER_SULEIMAN_GOVERNOR_NAME,LOC_TRAIT_LEADER_SULEIMAN_GOVERNOR_DESCRIPTION,ICON_LEADER_SULEIMAN,LOC_TRAIT_CIVILIZATION_GREAT_TURKISH_BOMBARD_NAME,LOC_TRAIT_CIVILIZATION_GREAT_TURKISH_BOMBARD_DESCRIPTION,ICON_CIVILIZATION_OTTOMAN,,,,1,
Players:Expansion2_Players,CIVILIZATION_PERSIA,LEADER_CYRUS,LOC_LEADER_CYRUS_NAME,ICON_LEADER_CYRUS,LOC_CIVILIZATION_PERSIA_NAME,ICON_CIVILIZATION_PERSIA,LOC_TRAIT_LEADER_FALL_BABYLON_NAME,LOC_TRAIT_LEADER_FALL_BABYLON_EXPANSION2_DESCRIPTION,ICON_LEADER_CYRUS,LOC_TRAIT_CIVILIZATION_SATRAPIES_NAME,LOC_TRAIT_CIVILIZATION_SATRAPIES_DESCRIPTION,ICON_CIVILIZATION_PERSIA,LEADER_CYRUS_NEUTRAL,LEADER_CYRUS_BACKGROUND,,1,
Players:Expansion2_Players,CIVILIZATION_PHOENICIA,LEADER_DIDO,LOC_LEADER_DIDO_NAME,ICON_LEADER_DIDO,LOC_CIVILIZATION_PHOENICIA_NAME,ICON_CIVILIZATION_PHOENICIA,LOC_TRAIT_LEADER_FOUNDER_CARTHAGE_NAME,LOC_TRAIT_LEADER_FOUNDER_CARTHAGE_DESCRIPTION,ICON_LEADER_DIDO,LOC_TRAIT_CIVILIZATION_MEDITERRANEAN_COLONIES_NAME,LOC_TRAIT_CIVILIZATION_MEDITERRANEAN_COLONIES_DESCRIPTION,ICON_CIVILIZATION_PHOENICIA,,,,1,
Players:Expansion2_Players,CIVILIZATION_POLAND,LEADER_JADWIGA,LOC_LEADER_JADWIGA_NAME,ICON_LEADER_JADWIGA,LOC_CIVILIZATION_POLAND_NAME,ICON_CIVILIZATION_POLAND,LOC_TRAIT_LEADER_LITHUANIAN_UNION_NAME,LOC_TRAIT_LEADER_LITHUANIAN_UNION_DESCRIPTION,ICON_LEADER_JADWIGA,LOC_TRAIT_CIVILIZATION_GOLDEN_LIBERTY_NAME,LOC_TRAIT_CIVILIZATION_GOLDEN_LIBERTY_DESCRIPTION,ICON_CIVILIZATION_POLAND,,LEADER_JADWIGA_BACKGROUND,,1,
Players:Expansion2_Players,CIVILIZATION_PORTUGAL,LEADER_JOAO_III,LOC_LEADER_JOAO_III_NAME,ICON_LEADER_JOAO_III,LOC_CIVILIZATION_PORTUGAL_NAME,ICON_CIVILIZATION_PORTUGAL,LOC_TRAIT_LEADER_JOAO_III_NAME,LOC_TRAIT_LEADER_JOAO_III_DESCRIPTION,ICON_LEADER_JOAO_III,LOC_TRAIT_CIVILIZATION_PORTUGAL_NAME,LOC_TRAIT_CIVILIZATION_PORTUGAL_DESCRIPTION,ICON_CIVILIZATION_PORTUGAL,LEADER_JOAO_III_NEUTRAL,LEADER_JOAO_III_BACKGROUND,,1,
Players:Expansion2_Players,CIVILIZATION_ROME,LEADER_TRAJAN,LOC_LEADER_TRAJAN_NAME,ICON_LEADER_TRAJAN,LOC_CIVILIZATION_ROME_NAME,ICON_CIVILIZATION_ROME,LOC_TRAIT_LEADER_TRAJANS_COLUMN_NAME,LOC_TRAIT_LEADER_TRAJANS_COLUMN_DESCRIPTION,ICON_LEADER_TRAJAN,LOC_TRAIT_CIVILIZATION_ALL_ROADS_TO_ROME_NAME,LOC_TRAIT_CIVILIZATION_ALL_ROADS_TO_ROME_DESCRIPTION,ICON_CIVILIZATION_ROME,,,,1,
Players:Expansion2_Players,CIVILIZATION_RUSSIA,LEADER_PETER_GREAT,LOC_LEADER_PETER_GREAT_NAME,ICON_LEADER_PETER_GREAT,LOC_CIVILIZATION_RUSSIA_NAME,ICON_CIVILIZATION_RUSSIA,LOC_TRAIT_LEADER_GRAND_EMBASSY_NAME,LOC_TRAIT_LEADER_GRAND_EMBASSY_DESCRIPTION,ICON_LEADER_PETER_GREAT,LOC_TRAIT_CIVILIZATION_MOTHER_RUSSIA_NAME,LOC_TRAIT_CIVILIZATION_MOTHER_RUSSIA_EXPANSION2_DESCRIPTION,ICON_CIVILIZATION_RUSSIA,,,,1,
Players:Expansion2_Players,CIVILIZATION_SCOTLAND,LEADER_ROBERT_THE_BRUCE,LOC_LEADER_ROBERT_THE_BRUCE_NAME,ICON_LEADER_ROBERT_THE_BRUCE,LOC_CIVILIZATION_SCOTLAND_NAME,ICON_CIVILIZATION_SCOTLAND,LOC_TRAIT_LEADER_BANNOCKBURN_NAME,LOC_TRAIT_LEADER_BANNOCKBURN_DESCRIPTION,ICON_LEADER_CATHERINE_DE_MEDICI,LOC_TRAIT_CIVILIZATION_SCOTTISH_ENLIGHTENMENT_NAME,LOC_TRAIT_CIVILIZATION_SCOTTISH_ENLIGHTENMENT_DESCRIPTION,ICON_CIVILIZATION_FRANCE,,,,1,
Players:Expansion2_Players,CIVILIZATION_SCYTHIA,LEADER_TOMYRIS,LOC_LEADER_TOMYRIS_NAME,ICON_LEADER_TOMYRIS,LOC_CIVILIZATION_SCYTHIA_NAME,ICON_CIVILIZATION_SCYTHIA,LOC_TRAIT_LEADER_KILLER_OF_CYRUS_NAME,LOC_TRAIT_LEADER_KILLER_OF_CYRUS_DESCRIPTION,ICON_LEADER_TOMYRIS,LOC_TRAIT_CIVILIZATION_EXTRA_LIGHT_CAVALRY_NAME,LOC_TRAIT_CIVILIZATION_EXTRA_LIGHT_CAVALRY_DESCRIPTION,ICON_CIVILIZATION_SCYTHIA,,,,1,
Players:Expansion2_Players,CIVILIZATION_SPAIN,LEADER_PHILIP_II,LOC_LEADER_PHILIP_II_NAME,ICON_LEADER_PHILIP_II,LOC_CIVILIZATION_SPAIN_NAME,ICON_CIVILIZATION_SPAIN,LOC_TRAIT_LEADER_EL_ESCORIAL_NAME,LOC_TRAIT_LEADER_EL_ESCORIAL_EXPANSION2_DESCRIPTION,ICON_LEADER_PHILIP_II,LOC_TRAIT_CIVILIZATION_TREASURE_FLEET_NAME,LOC_TRAIT_CIVILIZATION_TREASURE_FLEET_EXPANSION2_DESCRIPTION,ICON_CIVILIZATION_SPAIN,,,,1,
Players:Expansion2_Players,CIVILIZATION_SPECTATOR,LEADER_SPECTATOR,LOC_LEADER_SPECTATOR_NAME,ICON_LEADER_DEFAULT,LOC_CIVILIZATION_SPECTATOR_NAME,ICON_CIVILIZATION_SPECTATOR,LOC_TRAIT_LEADER_SPECTATOR_NAME,LOC_TRAIT_LEADER_SPECTATOR_DESCRIPTION,ICON_LEADER_DEFAULT,LOC_TRAIT_CIVILIZATION_SPECTATOR_NAME,LOC_TRAIT_CIVILIZATION_SPECTATOR_DESCRIPTION,ICON_CIVILIZATION_SPECTATOR,LEADER_SPECTATOR_NEUTRAL,,,0,
Players:Expansion2_Players,CIVILIZATION_SUMERIA,LEADER_GILGAMESH,LOC_LEADER_GILGAMESH_NAME,ICON_LEADER_GILGAMESH,LOC_CIVILIZATION_SUMERIA_NAME,ICON_CIVILIZATION_SUMERIA,LOC_TRAIT_LEADER_ADVENTURES_ENKIDU_NAME,LOC_TRAIT_LEADER_ADVENTURES_ENKIDU_EXPANSION2_DESCRIPTION,ICON_LEADER_GILGAMESH,LOC_TRAIT_CIVILIZATION_FIRST_CIVILIZATION_NAME,LOC_TRAIT_CIVILIZATION_FIRST_CIVILIZATION_DESCRIPTION,ICON_CIVILIZATION_SUMERIA,,,,1,
Players:Expansion2_Players,CIVILIZATION_SWEDEN,LEADER_KRISTINA,LOC_LEADER_KRISTINA_NAME,ICON_LEADER_KRISTINA,LOC_CIVILIZATION_SWEDEN_NAME,ICON_CIVILIZATION_SWEDEN,LOC_TRAIT_LEADER_KRISTINA_AUTO_THEME_NAME,LOC_TRAIT_LEADER_KRISTINA_AUTO_THEME_DESCRIPTION,ICON_LEADER_KRISTINA,LOC_TRAIT_CIVILIZATION_NOBEL_PRIZE_NAME,LOC_TRAIT_CIVILIZATION_NOBEL_PRIZE_DESCRIPTION,ICON_CIVILIZATION_SWEDEN,,,,1,
Players:Expansion2_Players,CIVILIZATION_VIETNAM,LEADER_LADY_TRIEU,LOC_LEADER_LADY_TRIEU_NAME,ICON_LEADER_LADY_TRIEU,LOC_CIVILIZATION_VIETNAM_NAME,ICON_CIVILIZATION_VIETNAM,LOC_TRAIT_LEADER_TRIEU_NAME,LOC_TRAIT_LEADER_TRIEU_DESCRIPTION,ICON_LEADER_TRIEU,LOC_TRAIT_CIVILIZATION_VIETNAM_NAME,LOC_TRAIT_CIVILIZATION_VIETNAM_DESCRIPTION,ICON_CIVILIZATION_VIETNAM,LEADER_LADY_TRIEU_NEUTRAL,LEADER_LADY_TRIEU_BACKGROUND,,1,
Players:Expansion2_Players,CIVILIZATION_ZULU,LEADER_SHAKA,LOC_LEADER_SHAKA_NAME,ICON_LEADER_SHAKA,LOC_CIVILIZATION_ZULU_NAME,ICON_CIVILIZATION_ZULU,LOC_TRAIT_LEADER_AMABUTHO_NAME,LOC_TRAIT_LEADER_AMABUTHO_DESCRIPTION,ICON_LEADER_BARBAROSSA,LOC_TRAIT_CIVILIZATION_ZULU_ISIBONGO_NAME,LOC_TRAIT_CIVILIZATION_ZULU_ISIBONGO_DESCRIPTION,ICON_CIVILIZATION_GERMANY,LEADER_SHAKA_NEUTRAL,LEADER_SHAKA_BACKGROUND,,1,
