TraitType,ModifierId
TRAIT_AGENDA_ALLY_OF_ENKIDU,AGENDA_ALLY_OF_ENKIDU_FRIEND
TRAIT_AGENDA_ALLY_OF_ENKIDU,AGENDA_ALLY_OF_ENKIDU_DENOUNCED_FRIEND
TRAIT_AGENDA_AYYUBID_DYNASTY,AGENDA_AYYUBID_DYNASTY
TRAIT_AGENDA_BACKSTAB_AVERSE,AGENDA_BACKSTAB_AVERSE_FRIEND
TRAIT_AGENDA_BACKSTAB_AVERSE,AGENDA_BACKSTAB_AVERSE_SURPRISE_WAR
TRAIT_AGENDA_BIG_STICK_POLICY,AGENDA_CONTINENT_ATTACKED
TRAIT_AGENDA_BIG_STICK_POLICY,AGENDA_CONTINENT_PEACEFUL
TRAIT_AGENDA_BLACK_QUEEN,AGENDA_BLACK_QUEEN
TRAIT_AGENDA_BUSHIDO,AGENDA_BUSHIDO
TRAIT_AGENDA_CITY_STATE_ALLY,AGENDA_MODIFIER_NOT_COMPETING_MINORS
TRAIT_AGENDA_CITY_STATE_ALLY,AGENDA_MODIFIER_COMPETING_MINORS
TRAIT_AGENDA_COUNTER_REFORMER,AGENDA_MODIFIER_SAME_RELIGION
TRAIT_AGENDA_COUNTER_REFORMER,AGENDA_MODIFIER_ENCROACHING_RELIGION
TRAIT_AGENDA_DELIAN_LEAGUE,AGENDA_MODIFIER_DELIAN_NOT_COMPETING_MINORS
TRAIT_AGENDA_DELIAN_LEAGUE,AGENDA_MODIFIER_DELIAN_COMPETING_MINORS
TRAIT_AGENDA_ENTHUSIASTIC_DISCIPLE,AGENDA_MODIFIER_RELIGION_RECEIVED
TRAIT_AGENDA_ENTHUSIASTIC_DISCIPLE,AGENDA_MODIFIER_RELIGION_NOT_RECEIVED
TRAIT_AGENDA_GREAT_PERSON_OBSESSED,AGENDA_MODIFIER_LAGS_GREAT_PEOPLE
TRAIT_AGENDA_GREAT_PERSON_OBSESSED,AGENDA_MODIFIER_LEADS_GREAT_PEOPLE
TRAIT_AGENDA_IRON_CROWN,AGENDA_MODIFIER_NOT_INVOLVED_MINORS
TRAIT_AGENDA_IRON_CROWN,AGENDA_MODIFIER_CONQUERING_ALLYING_MINORS
TRAIT_AGENDA_LAST_VIKING_KING,AGENDA_LAST_VIKING_KING
TRAIT_AGENDA_OPTIMUS_PRINCEPS,AGENDA_OPTIMUS_PRINCEPS
TRAIT_AGENDA_PEACEKEEPER,AGENDA_MODIFIER_NOT_WARMONGER
TRAIT_AGENDA_PEACEKEEPER,AGENDA_MODIFIER_WARMONGER
TRAIT_AGENDA_QUEEN_OF_NILE,AGENDA_QUEEN_OF_NILE
TRAIT_AGENDA_SUN_NEVER_SETS,AGENDA_SUN_SETS_HOME_CONTINENT
TRAIT_AGENDA_SUN_NEVER_SETS,AGENDA_SUN_SETS_NEW_CONTINENT
TRAIT_AGENDA_TLATOANI,AGENDA_HAS_DESIRED_LUXURY
TRAIT_AGENDA_TLATOANI,AGENDA_HAS_NO_DESIRED_LUXURY
TRAIT_AGENDA_WESTERNIZER,AGENDA_MODIFIER_LAGS_PROGRESS
TRAIT_AGENDA_WESTERNIZER,AGENDA_MODIFIER_LEADS_PROGRESS
TRAIT_AGENDA_WITH_SHIELD,AGENDA_MODIFIER_WITH_SHIELD_OR_ON_IT
TRAIT_AGENDA_WONDER_OBSESSED,AGENDA_MODIFIER_LAGS_WONDERS
TRAIT_AGENDA_WONDER_OBSESSED,AGENDA_MODIFIER_LEADS_WONDERS
TRAIT_AGENDA_IGNORE_WARMONGERING,NONAGENDA_IGNORE_WARMONGERING
TRAIT_AGENDA_PARANOID,AGENDA_PARANOID
TRAIT_AGENDA_PREFER_CITY_STATE_PROTECTOR,AGENDA_HIGH_PROTECT_CITY_STATES
TRAIT_AGENDA_PREFER_CITY_STATE_PROTECTOR,AGENDA_MED_PROTECT_CITY_STATES
TRAIT_AGENDA_PREFER_CITY_STATE_PROTECTOR,AGENDA_MED_ATTACK_CITY_STATES
TRAIT_AGENDA_PREFER_CITY_STATE_PROTECTOR,AGENDA_HIGH_ATTACK_CITY_STATES
TRAIT_AGENDA_PREFER_CLEAR_BANDIT_CAMPS,AGENDA_CLEARS_BARBARIAN_CAMPS
TRAIT_AGENDA_PREFER_CLEAR_BANDIT_CAMPS,AGENDA_IGNORES_BARBARIAN_CAMPS
TRAIT_AGENDA_PREFER_CULTURE,AGENDA_HIGH_CULTURE
TRAIT_AGENDA_PREFER_CULTURE,AGENDA_LOW_CULTURE
TRAIT_AGENDA_PREFER_FAITH,AGENDA_HIGH_FAITH
TRAIT_AGENDA_PREFER_FAITH,AGENDA_LOW_FAITH
TRAIT_AGENDA_EXPLORATION_OBSESSED,AGENDA_HIGH_EXPLORATION
TRAIT_AGENDA_EXPLORATION_OBSESSED,AGENDA_LOW_EXPLORATION
TRAIT_AGENDA_GREAT_PERSON_ADVOCATE,AGENDA_MODIFIER_GREAT_PERSON_ADVOCATE_LAG
TRAIT_AGENDA_GREAT_PERSON_ADVOCATE,AGENDA_MODIFIER_GREAT_PERSON_ADVOCATE_LEAD
TRAIT_AGENDA_WONDER_ADVOCATE,AGENDA_MODIFIER_WONDER_ADVOCATE_LAG
TRAIT_AGENDA_WONDER_ADVOCATE,AGENDA_MODIFIER_WONDER_ADVOCATE_LEAD
TRAIT_AGENDA_PREFER_HAPPINESS,AGENDA_HIGH_HAPPINESS
TRAIT_AGENDA_PREFER_HAPPINESS,AGENDA_LOW_HAPPINESS
TRAIT_AGENDA_PREFER_INDUSTRY,AGENDA_HIGH_INDUSTRY
TRAIT_AGENDA_PREFER_INDUSTRY,AGENDA_LOW_INDUSTRY
TRAIT_AGENDA_PREFER_NUKES,AGENDA_HIGH_NUKE_LOVE
TRAIT_AGENDA_PREFER_NUKES,AGENDA_LOW_NUKE_LOVE
TRAIT_AGENDA_PREFER_POPULATION,AGENDA_HIGH_POPULATION
TRAIT_AGENDA_PREFER_POPULATION,AGENDA_LOW_POPULATION
TRAIT_AGENDA_PREFER_SCIENCE,AGENDA_HIGH_SCIENCE
TRAIT_AGENDA_PREFER_SCIENCE,AGENDA_LOW_SCIENCE
TRAIT_AGENDA_PREFER_STANDING_ARMY,AGENDA_HIGH_STANDING_ARMY
TRAIT_AGENDA_PREFER_STANDING_ARMY,AGENDA_LOW_STANDING_ARMY
TRAIT_AGENDA_PREFER_AIRPOWER,AGENDA_HIGH_AIRPOWER
TRAIT_AGENDA_PREFER_AIRPOWER,AGENDA_LOW_AIRPOWER
TRAIT_AGENDA_PREFER_EXPLOITATION,AGENDA_EXPLOITATION
TRAIT_AGENDA_PREFER_ENVIRONMENT,AGENDA_ENVIRONMENT
TRAIT_AGENDA_PREFER_SAME_GOVERNMENT,AGENDA_SAME_GOVERNMENT
TRAIT_AGENDA_PREFER_SAME_GOVERNMENT,AGENDA_DIFFERENT_GOVERNMENT
TRAIT_AGENDA_PREFER_SAME_GOVERNMENT,AGENDA_ADJUST_GOVERNMENT_INTOLERANCE
TRAIT_CIVILIZATION_ADJACENT_DISTRICTS,TRAIT_ADJACENT_DISTRICTS_HOLYSITE_ADJACENCYFAITH
TRAIT_CIVILIZATION_ADJACENT_DISTRICTS,TRAIT_ADJACENT_DISTRICTS_CAMPUS_ADJACENCYSCIENCE
TRAIT_CIVILIZATION_ADJACENT_DISTRICTS,TRAIT_ADJACENT_DISTRICTS_HARBOR_ADJACENCYGOLD
TRAIT_CIVILIZATION_ADJACENT_DISTRICTS,TRAIT_ADJACENT_DISTRICTS_COMMERCIALHUB_ADJACENCYGOLD
TRAIT_CIVILIZATION_ADJACENT_DISTRICTS,TRAIT_ADJACENT_DISTRICTS_THEATER_ADJACENCYCULTURE
TRAIT_CIVILIZATION_ADJACENT_DISTRICTS,TRAIT_ADJACENT_DISTRICTS_INDUSTRIALZONE_ADJACENCYPRODUCTION
TRAIT_CIVILIZATION_AMAZON,TRAIT_AMAZON_RAINFOREST_COMMERCIALHUB_ADJACENCY
TRAIT_CIVILIZATION_AMAZON,TRAIT_AMAZON_RAINFOREST_HOLYSITE_ADJACENCY
TRAIT_CIVILIZATION_AMAZON,TRAIT_AMAZON_RAINFOREST_CAMPUS_ADJACENCY
TRAIT_CIVILIZATION_AMAZON,TRAIT_AMAZON_RAINFOREST_THEATER_ADJACENCY
TRAIT_CIVILIZATION_AMAZON,TRAIT_AMAZON_RAINFOREST_EXTRA_APPEAL
TRAIT_CIVILIZATION_BONUS_AGAINST_BARBS,TRAIT_BONUS_AGAINST_BARBS
TRAIT_CIVILIZATION_DHARMA,TRAIT_GAINS_ALL_FOLLOWER_BELIEFS
TRAIT_CIVILIZATION_DISTRICT_LAVRA,TRAIT_EXPENDED_GREAT_PERSON_TILES
TRAIT_CIVILIZATION_DOUBLE_ARCHAEOLOGY_SLOTS,TRAIT_DOUBLE_ARCHAEOLOGY_SLOTS
TRAIT_CIVILIZATION_DOUBLE_ARCHAEOLOGY_SLOTS,TRAIT_SUPPORT_TWO_ARCHAEOLOGISTS
TRAIT_CIVILIZATION_DOUBLE_ARCHAEOLOGY_SLOTS,TRAIT_AUTO_THEME_ARCHAEOLOGY_MUSEUM
TRAIT_CIVILIZATION_DOUBLE_CULTURE_BUILDINGS,TRAIT_DOUBLEMONUMENTCULTURE
TRAIT_CIVILIZATION_DOUBLE_CULTURE_BUILDINGS,TRAIT_DOUBLESHRINECULTURE
TRAIT_CIVILIZATION_DOUBLE_CULTURE_BUILDINGS,TRAIT_DOUBLETEMPLECULTURE
TRAIT_CIVILIZATION_DYNASTIC_CYCLE,TRAIT_CIVIC_BOOST
TRAIT_CIVILIZATION_DYNASTIC_CYCLE,TRAIT_TECHNOLOGY_BOOST
TRAIT_CIVILIZATION_DYNASTIC_CYCLE,TRAIT_CIVIC_BOOST_WONDER_ERA
TRAIT_CIVILIZATION_DYNASTIC_CYCLE,TRAIT_TECHNOLOGY_BOOST_WONDER_ERA
TRAIT_CIVILIZATION_EARLY_OCEAN_NAVIGATION,TRAIT_EARLY_OCEAN_NAVIGATION
TRAIT_CIVILIZATION_EARLY_OCEAN_NAVIGATION,TRAIT_MELEE_NAVAL_HEAL_NEUTRAL
TRAIT_CIVILIZATION_EARLY_OCEAN_NAVIGATION,TRAIT_IGNORE_EMBARK_DISEMBARK_COST
TRAIT_CIVILIZATION_EXTRA_LIGHT_CAVALRY,TRAIT_EXTRALIGHTCAVALRY
TRAIT_CIVILIZATION_EXTRA_LIGHT_CAVALRY,TRAIT_EXTRASAKAHORSEARCHER
TRAIT_CIVILIZATION_FIRST_CIVILIZATION,TRAIT_BARBARIAN_CAMP_GOODY
TRAIT_CIVILIZATION_FIRST_CIVILIZATION,TRAIT_LEVY_DISCOUNT
TRAIT_CIVILIZATION_IMPERIAL_FREE_CITIES,TRAIT_EXTRA_DISTRICT_EACH_CITY
TRAIT_CIVILIZATION_INEXPENSIVE_BUILDERS,TRAIT_BUILDERPRODUCTION
TRAIT_CIVILIZATION_ITERU,TRAIT_RIVER_FASTER_BUILDTIME_DISTRICT
TRAIT_CIVILIZATION_ITERU,TRAIT_RIVER_FASTER_BUILDTIME_WONDER
TRAIT_CIVILIZATION_LAST_PROPHET,TRAIT_SCIENCE_PER_FOREIGN_CITY_FOLLOWING_RELIGION
TRAIT_CIVILIZATION_LAST_PROPHET,TRAIT_GUARANTEE_ONE_PROPHET
TRAIT_CIVILIZATION_ALL_ROADS_TO_ROME,TRAIT_FREE_ROADS_TO_CAPITAL
TRAIT_CIVILIZATION_ALL_ROADS_TO_ROME,TRAIT_FREE_TRADING_POSTS
TRAIT_CIVILIZATION_ALL_ROADS_TO_ROME,TRAIT_GOLD_FROM_DOMESTIC_TRADING_POSTS
TRAIT_CIVILIZATION_MOTHER_RUSSIA,TRAIT_INCREASED_TUNDRA_FAITH
TRAIT_CIVILIZATION_MOTHER_RUSSIA,TRAIT_INCREASED_TUNDRA_PRODUCTION
TRAIT_CIVILIZATION_MOTHER_RUSSIA,TRAIT_INCREASED_TUNDRA_HILLS_FAITH
TRAIT_CIVILIZATION_MOTHER_RUSSIA,TRAIT_INCREASED_TUNDRA_HILLS_PRODUCTION
TRAIT_CIVILIZATION_MOTHER_RUSSIA,TRAIT_INCREASED_TILES
TRAIT_CIVILIZATION_DISTRICT_LAVRA,TRAIT_SHRINE_WRITING_POINTS
TRAIT_CIVILIZATION_DISTRICT_LAVRA,TRAIT_TEMPLE_ARTIST_POINTS
TRAIT_CIVILIZATION_DISTRICT_LAVRA,TRAIT_TIER3_MUSICIAN_POINTS
TRAIT_CIVILIZATION_NKISI,TRAIT_DOUBLE_ARTIST_POINTS
TRAIT_CIVILIZATION_NKISI,TRAIT_DOUBLE_MUSICIAN_POINTS
TRAIT_CIVILIZATION_NKISI,TRAIT_DOUBLE_MERCHANT_POINTS
TRAIT_CIVILIZATION_NKISI,TRAIT_GREAT_WORK_FAITH_SCULPTURE
TRAIT_CIVILIZATION_NKISI,TRAIT_GREAT_WORK_FOOD_SCULPTURE
TRAIT_CIVILIZATION_NKISI,TRAIT_GREAT_WORK_PRODUCTION_SCULPTURE
TRAIT_CIVILIZATION_NKISI,TRAIT_GREAT_WORK_GOLD_SCULPTURE
TRAIT_CIVILIZATION_NKISI,TRAIT_GREAT_WORK_FAITH_ARTIFACT
TRAIT_CIVILIZATION_NKISI,TRAIT_GREAT_WORK_FOOD_ARTIFACT
TRAIT_CIVILIZATION_NKISI,TRAIT_GREAT_WORK_PRODUCTION_ARTIFACT
TRAIT_CIVILIZATION_NKISI,TRAIT_GREAT_WORK_GOLD_ARTIFACT
TRAIT_CIVILIZATION_NKISI,TRAIT_GREAT_WORK_FAITH_RELIC
TRAIT_CIVILIZATION_NKISI,TRAIT_GREAT_WORK_FOOD_RELIC
TRAIT_CIVILIZATION_NKISI,TRAIT_GREAT_WORK_PRODUCTION_RELIC
TRAIT_CIVILIZATION_NKISI,TRAIT_GREAT_WORK_GOLD_RELIC
TRAIT_CIVILIZATION_NKISI,TRAIT_EXTRA_PALACE_SLOTS
TRAIT_CIVILIZATION_PLATOS_REPUBLIC,TRAIT_WILDCARD_GOVERNMENT_SLOT
TRAIT_CIVILIZATION_TREASURE_FLEET,TRAIT_NAVAL_CORPS_EARLY
TRAIT_CIVILIZATION_TREASURE_FLEET,TRAIT_NAVAL_ARMIES_EARLY
TRAIT_CIVILIZATION_TREASURE_FLEET,TRAIT_INTERNATIONAL_FAITH
TRAIT_CIVILIZATION_TREASURE_FLEET,TRAIT_DOMESTIC_FAITH
TRAIT_CIVILIZATION_TREASURE_FLEET,TRAIT_INTERNATIONAL_GOLD
TRAIT_CIVILIZATION_TREASURE_FLEET,TRAIT_DOMESTIC_GOLD
TRAIT_CIVILIZATION_TREASURE_FLEET,TRAIT_INTERNATIONAL_PRODUCTION
TRAIT_CIVILIZATION_TREASURE_FLEET,TRAIT_DOMESTIC_PRODUCTION
TRAIT_CIVILIZATION_TREASURE_FLEET,TRAIT_INTERCONTINENTAL_INTERNATIONAL_FAITH
TRAIT_CIVILIZATION_TREASURE_FLEET,TRAIT_INTERCONTINENTAL_DOMESTIC_FAITH
TRAIT_CIVILIZATION_TREASURE_FLEET,TRAIT_INTERCONTINENTAL_INTERNATIONAL_GOLD
TRAIT_CIVILIZATION_TREASURE_FLEET,TRAIT_INTERCONTINENTAL_DOMESTIC_GOLD
TRAIT_CIVILIZATION_TREASURE_FLEET,TRAIT_INTERCONTINENTAL_INTERNATIONAL_PRODUCTION
TRAIT_CIVILIZATION_TREASURE_FLEET,TRAIT_INTERCONTINENTAL_DOMESTIC_PRODUCTION
TRAIT_CIVILIZATION_TREASURE_FLEET,TRAIT_INTERCONTINENTAL_DISTRICT_PRODUCTION
TRAIT_CIVILIZATION_TREASURE_FLEET,TRAIT_INTERCONTINENTAL_BUILDER
TRAIT_CIVILIZATION_WONDER_TOURISM,TRAIT_WONDER_DOUBLETOURISM
TRAIT_CIVILIZATION_WONDER_TOURISM,TRAIT_WONDER_MEDIAVALINDUSTRIAL_PRODUCTION
TRAIT_LEADER_MAJOR_CIV,STANDARD_DIPLOMATIC_ALLY
TRAIT_LEADER_MAJOR_CIV,STANDARD_DIPLOMATIC_ARCHAEOLOGY
TRAIT_LEADER_MAJOR_CIV,STANDARD_DIPLOMATIC_CONVERTED_CITY
TRAIT_LEADER_MAJOR_CIV,STANDARD_DIPLOMATIC_CULTURE_BOMBED
TRAIT_LEADER_MAJOR_CIV,STANDARD_DIPLOMATIC_DECLARED_FRIEND
TRAIT_LEADER_MAJOR_CIV,STANDARD_DIPLOMATIC_DEFENSIVE_PACT
TRAIT_LEADER_MAJOR_CIV,STANDARD_DIPLOMATIC_DELEGATION
TRAIT_LEADER_MAJOR_CIV,STANDARD_DIPLOMATIC_DEMAND
TRAIT_LEADER_MAJOR_CIV,STANDARD_DIPLOMATIC_DENOUNCED
TRAIT_LEADER_MAJOR_CIV,STANDARD_DIPLOMATIC_ESPIONAGE
TRAIT_LEADER_MAJOR_CIV,STANDARD_DIPLOMATIC_HAD_FRIENDLY_MEETING
TRAIT_LEADER_MAJOR_CIV,STANDARD_DIPLOMATIC_GOVERNMENT_SAME
TRAIT_LEADER_MAJOR_CIV,STANDARD_DIPLOMATIC_GOVERNMENT_DIFFERENT
TRAIT_LEADER_MAJOR_CIV,STANDARD_DIPLOMATIC_INCURSION
TRAIT_LEADER_MAJOR_CIV,STANDARD_DIPLOMACY_JOINT_WAR
TRAIT_LEADER_MAJOR_CIV,STANDARD_DIPLOMATIC_NEAR_BORDER_WARNING
TRAIT_LEADER_MAJOR_CIV,STANDARD_DIPLOMATIC_LIBERATED_MY_CITY
TRAIT_LEADER_MAJOR_CIV,STANDARD_DIPLOMATIC_OCCUPIED_CITY
TRAIT_LEADER_MAJOR_CIV,STANDARD_DIPLOMATIC_OCCUPIED_FRIENDLY_CITY
TRAIT_LEADER_MAJOR_CIV,STANDARD_DIPLOMATIC_ONE_SIDED_TRADES
TRAIT_LEADER_MAJOR_CIV,STANDARD_DIPLOMATIC_OPEN_BORDERS
TRAIT_LEADER_MAJOR_CIV,STANDARD_DIPLOMATIC_RAZED_MY_CITY
TRAIT_LEADER_MAJOR_CIV,STANDARD_DIPLOMATIC_RELIGION_ACCEPT_CONVERSION
TRAIT_LEADER_MAJOR_CIV,STANDARD_DIPLOMACY_PEACE
TRAIT_LEADER_MAJOR_CIV,STANDARD_DIPLOMACY_RANDOM
TRAIT_LEADER_MAJOR_CIV,STANDARD_DIPLOMACY_RESIDENT_EMBASSY
TRAIT_LEADER_MAJOR_CIV,STANDARD_DIPLOMACY_SETTLED_CITIES
TRAIT_LEADER_MAJOR_CIV,STANDARD_DIPLOMACY_TRADE_RELATIONS
TRAIT_LEADER_MAJOR_CIV,STANDARD_DIPLOMATIC_WARMONGER
TRAIT_LEADER_MAJOR_CIV,STANDARD_DIPLOMATIC_3RD_PARTY_DECLARED_SURPRISE_WAR_ON_FRIEND
TRAIT_LEADER_MAJOR_CIV,STANDARD_DIPLOMATIC_3RD_PARTY_DENOUNCED_FRIEND
TRAIT_LEADER_MAJOR_CIV,STANDARD_DIPLOMATIC_3RD_PARTY_DECLARED_FRIENDSHIP_WITH_FRIEND
TRAIT_LEADER_MAJOR_CIV,STANDARD_DIPLOMATIC_3RD_PARTY_ALLIED_WITH_FRIEND
TRAIT_LEADER_MAJOR_CIV,STANDARD_DIPLOMATIC_3RD_PARTY_DECLARED_SURPRISE_WAR_ON_ENEMY
TRAIT_LEADER_MAJOR_CIV,STANDARD_DIPLOMATIC_3RD_PARTY_DENOUNCED_ENEMY
TRAIT_LEADER_MAJOR_CIV,STANDARD_DIPLOMATIC_3RD_PARTY_DECLARED_FRIENDSHIP_WITH_ENEMY
TRAIT_LEADER_MAJOR_CIV,STANDARD_DIPLOMATIC_3RD_PARTY_ALLIED_WITH_ENEMY
TRAIT_LEADER_MAJOR_CIV,HIGH_DIFFICULTY_SCIENCE_SCALING
TRAIT_LEADER_MAJOR_CIV,HIGH_DIFFICULTY_CULTURE_SCALING
TRAIT_LEADER_MAJOR_CIV,HIGH_DIFFICULTY_PRODUCTION_SCALING
TRAIT_LEADER_MAJOR_CIV,HIGH_DIFFICULTY_GOLD_SCALING
TRAIT_LEADER_MAJOR_CIV,HIGH_DIFFICULTY_FAITH_SCALING
TRAIT_LEADER_MAJOR_CIV,BARBARIAN_CAMP_GOLD_SCALING
TRAIT_LEADER_MAJOR_CIV,HIGH_DIFFICULTY_COMBAT_SCALING
TRAIT_LEADER_MAJOR_CIV,LOW_DIFFICULTY_COMBAT_SCALING
TRAIT_LEADER_MAJOR_CIV,HIGH_DIFFICULTY_UNIT_XP_SCALING
TRAIT_LEADER_MAJOR_CIV,LOW_DIFFICULTY_UNIT_XP_SCALING
CULTURE_KILLS_TRAIT,UNIQUE_LEADER_CULTURE_KILLS
CULTURE_KILLS_TRAIT,UNIQUE_LEADER_CULTURE_KILLS_GRANT_ABILITY
TRAIT_LEADER_ADVENTURES_ENKIDU,TRAIT_ADJUST_ALLIED_WAR_DISCOUNT
TRAIT_LEADER_ADVENTURES_ENKIDU,TRAIT_ADJUST_JOINTWAR_EXPERIENCE
TRAIT_LEADER_ADVENTURES_ENKIDU,TRAIT_ADJUST_JOINTWAR_PLUNDER
TRAIT_LEADER_MEDITERRANEAN,TRAIT_INTERNATIONAL_TRADE_GAIN_GOLD
TRAIT_LEADER_MEDITERRANEAN,TRAIT_INCOMING_TRADE_GAIN_GOLD
TRAIT_LEADER_MEDITERRANEAN,TRAIT_INCOMING_TRADE_OFFER_FOOD
TRAIT_LEADER_DIVINE_WIND,TRAIT_BOOST_ENCAMPMENT_PRODUCTION
TRAIT_LEADER_DIVINE_WIND,TRAIT_BOOST_HOLY_SITE_PRODUCTION
TRAIT_LEADER_DIVINE_WIND,TRAIT_BOOST_THEATER_DISTRICT_PRODUCTION
TRAIT_LEADER_DIVINE_WIND,TRAIT_COMBAT_BONUS_LAND_ON_COAST
TRAIT_LEADER_DIVINE_WIND,TRAIT_COMBAT_BONUS_NAVAL_SHALLOW_WATER
TRAIT_LEADER_EL_ESCORIAL,TRAIT_ADJUST_INQUISITOR_CHARGES
TRAIT_LEADER_EL_ESCORIAL,TRAIT_COMBAT_BONUS_OTHER_RELIGION
TRAIT_LEADER_GIFTS_FOR_TLATOANI,TRAIT_COMBAT_BONUS_PER_LUXURY
TRAIT_LEADER_GIFTS_FOR_TLATOANI,TRAIT_OWNED_LUXURY_EXTRA_AMENITIES
TRAIT_LEADER_GRAND_EMBASSY,TRAIT_ADJUST_PROGRESS_DIFF_TRADE_BONUS
TRAIT_LEADER_HOLY_ROMAN_EMPEROR,TRAIT_MILITARY_GOVERNMENT_SLOT
TRAIT_LEADER_HOLY_ROMAN_EMPEROR,TRAIT_COMBAT_BONUS_CITY_STATES
TRAIT_LEADER_RELIGIOUS_CONVERT,TRAIT_FREE_APOSTLE_FINISH_MBANZA
TRAIT_LEADER_RELIGIOUS_CONVERT,TRAIT_FREE_APOSTLE_FINISH_THEATER_DISTRICT
TRAIT_LEADER_RELIGIOUS_CONVERT,TRAIT_GAINS_FOUNDER_BELIEF_MAJORITY_RELIGION
TRAIT_LEADER_RIGHTEOUSNESS_OF_FAITH,TRAIT_RELIGIOUS_BUILDING_DISCOUNT
TRAIT_LEADER_RIGHTEOUSNESS_OF_FAITH,TRAIT_RELIGIOUS_BUILDING_MULTIPLIER_CULTURE
TRAIT_LEADER_RIGHTEOUSNESS_OF_FAITH,TRAIT_RELIGIOUS_BUILDING_MULTIPLIER_FAITH
TRAIT_LEADER_RIGHTEOUSNESS_OF_FAITH,TRAIT_RELIGIOUS_BUILDING_MULTIPLIER_SCIENCE
TRAIT_LEADER_ROOSEVELT_COROLLARY,TRAIT_COMBAT_BONUS_HOME_CONTINENT
TRAIT_LEADER_ROOSEVELT_COROLLARY,TRAIT_BEFRIEND_MINOR_CIV_HOME_CONTINENT
TRAIT_LEADER_ROOSEVELT_COROLLARY,TRAIT_NO_WAR_MINOR_CIV_HOME_CONTINENT
TRAIT_LEADER_SATYAGRAHA,TRAIT_FAITH_PEACEFUL_FOUNDERS
TRAIT_LEADER_SATYAGRAHA,TRAIT_INCREASE_ENEMY_WAR_WEARINESS
TRAIT_LEADER_MELEE_COASTAL_RAIDS,TRAIT_GRANT_COASTAL_RAID_ABILITY
TRAIT_LEADER_MELEE_COASTAL_RAIDS,TRAIT_ANCIENT_NAVAL_MELEE_PRODUCTION
TRAIT_LEADER_MELEE_COASTAL_RAIDS,TRAIT_CLASSICAL_NAVAL_MELEE_PRODUCTION
TRAIT_LEADER_MELEE_COASTAL_RAIDS,TRAIT_MEDIEVAL_NAVAL_MELEE_PRODUCTION
TRAIT_LEADER_MELEE_COASTAL_RAIDS,TRAIT_RENAISSANCE_NAVAL_MELEE_PRODUCTION
TRAIT_LEADER_MELEE_COASTAL_RAIDS,TRAIT_INDUSTRIAL_NAVAL_MELEE_PRODUCTION
TRAIT_LEADER_MELEE_COASTAL_RAIDS,TRAIT_MODERN_NAVAL_MELEE_PRODUCTION
TRAIT_LEADER_MELEE_COASTAL_RAIDS,TRAIT_ATOMIC_NAVAL_MELEE_PRODUCTION
TRAIT_LEADER_MELEE_COASTAL_RAIDS,TRAIT_INFORMATION_NAVAL_MELEE_PRODUCTION
FIRST_EMPEROR_TRAIT,TRAIT_ADJUST_BUILDER_CHARGES
FIRST_EMPEROR_TRAIT,TRAIT_BUILDER_WONDER_PERCENT
FLYING_SQUADRON_TRAIT,UNIQUE_LEADER_ADD_VISIBILITY
FLYING_SQUADRON_TRAIT,UNIQUE_LEADER_ADD_SPY_CAPACITY
FLYING_SQUADRON_TRAIT,UNIQUE_LEADER_ADD_SPY_UNIT
FLYING_SQUADRON_TRAIT,UNIQUE_LEADER_SPIES_START_PROMOTED
TRAJANS_COLUMN_TRAIT,TRAIT_ADJUST_NON_CAPITAL_FREE_CHEAPEST_BUILDING
TRAIT_LEADER_KILLER_OF_CYRUS,BONUS_VS_WOUNDED_UNITS
TRAIT_LEADER_KILLER_OF_CYRUS,HEAL_AFTER_DEFEATING_UNIT
TRAIT_LEADER_MAGNANIMOUS,TRAIT_GREAT_PERSON_REFUND
TRAIT_LEADER_SURROUNDED_BY_GLORY,TRAIT_CULTURE_PER_CITY_STATE_TRIBUTARY
MINOR_CIV_DEFAULT_TRAIT,MINOR_CIV_PRODUCTION_PENALTY
MINOR_CIV_DEFAULT_TRAIT,MINOR_CIV_PRODUCTION_BUILDERS
MINOR_CIV_DEFAULT_TRAIT,MINOR_CIV_PRODUCTION_HARBORS
MINOR_CIV_DEFAULT_TRAIT,MINOR_CIV_PRODUCTION_MILITARY
MINOR_CIV_DEFAULT_TRAIT,MINOR_CIV_PRODUCTION_WALLS
MINOR_CIV_DEFAULT_TRAIT,MINOR_CIV_GOLD_MILITARY_UPGRADE
MINOR_CIV_SCIENTIFIC_TRAIT,MINOR_CIV_SCIENTIFIC_CAMPUS_PRODUCTION
MINOR_CIV_SCIENTIFIC_TRAIT,MINOR_CIV_SCIENTIFIC_SEND_TRADE_ROUTE_BONUS
MINOR_CIV_RELIGIOUS_TRAIT,MINOR_CIV_RELIGIOUS_HOLY_SITE_PRODUCTION
MINOR_CIV_RELIGIOUS_TRAIT,MINOR_CIV_RELIGIOUS_SEND_TRADE_ROUTE_BONUS
MINOR_CIV_TRADE_TRAIT,MINOR_CIV_TRADE_COMMERCIAL_HUB_PRODUCTION
MINOR_CIV_TRADE_TRAIT,MINOR_CIV_TRADE_SEND_TRADE_ROUTE_BONUS
MINOR_CIV_CULTURAL_TRAIT,MINOR_CIV_CULTURAL_THEATER_PRODUCTION
MINOR_CIV_CULTURAL_TRAIT,MINOR_CIV_CULTURAL_SEND_TRADE_ROUTE_BONUS
MINOR_CIV_MILITARISTIC_TRAIT,MINOR_CIV_MILITARISTIC_ENCAMPMENT_PRODUCTION
MINOR_CIV_MILITARISTIC_TRAIT,MINOR_CIV_MILITARISTIC_SEND_TRADE_ROUTE_BONUS
MINOR_CIV_INDUSTRIAL_TRAIT,MINOR_CIV_INDUSTRIAL_INDUSTRIAL_ZONE_PRODUCTION
MINOR_CIV_INDUSTRIAL_TRAIT,MINOR_CIV_INDUSTRIAL_SEND_TRADE_ROUTE_BONUS
MINOR_CIV_INDUSTRIAL_TRAIT,MINOR_CIV_INDUSTRIAL_LARGE_INFLUENCE_BONUS_PAPAL_PRIMACY_DISTRICT
MINOR_CIV_AMSTERDAM_TRAIT,MINOR_CIV_AMSTERDAM_UNIQUE_INFLUENCE_BONUS
MINOR_CIV_BRUSSELS_TRAIT,MINOR_CIV_BRUSSELS_UNIQUE_INFLUENCE_BONUS
MINOR_CIV_BUENOS_AIRES_TRAIT,MINOR_CIV_BUENOS_AIRES_UNIQUE_INFLUENCE_BONUS
MINOR_CIV_GENEVA_TRAIT,MINOR_CIV_GENEVA_UNIQUE_INFLUENCE_BONUS
MINOR_CIV_HONG_KONG_TRAIT,MINOR_CIV_HONG_KONG_UNIQUE_INFLUENCE_BONUS
MINOR_CIV_JAKARTA_TRAIT,MINOR_CIV_JAKARTA_UNIQUE_INFLUENCE_BONUS
MINOR_CIV_KABUL_TRAIT,MINOR_CIV_KABUL_UNIQUE_INFLUENCE_BONUS
MINOR_CIV_KANDY_TRAIT,MINOR_CIV_KANDY_UNIQUE_INFLUENCE_GRANT_BONUS
MINOR_CIV_KANDY_TRAIT,MINOR_CIV_KANDY_UNIQUE_INFLUENCE_BETTER_RELIC_BONUS
MINOR_CIV_KUMASI_TRAIT,MINOR_CIV_KUMASI_UNIQUE_INFLUENCE_TRADE_CULTURE_BONUS
MINOR_CIV_KUMASI_TRAIT,MINOR_CIV_KUMASI_UNIQUE_INFLUENCE_TRADE_GOLD_BONUS
MINOR_CIV_LA_VENTA_TRAIT,MINOR_CIV_LA_VENTA_UNIQUE_INFLUENCE_BONUS
MINOR_CIV_LISBON_TRAIT,MINOR_CIV_LISBON_UNIQUE_INFLUENCE_BONUS
MINOR_CIV_MOHENJO_DARO_TRAIT,MINOR_CIV_MOHENJO_DARO_UNIQUE_INFLUENCE_BONUS
MINOR_CIV_NAN_MADOL_TRAIT,MINOR_CIV_NAN_MADOL_UNIQUE_INFLUENCE_BONUS
MINOR_CIV_SEOUL_TRAIT,MINOR_CIV_SEOUL_UNIQUE_INFLUENCE_BONUS
MINOR_CIV_TORONTO_TRAIT,MINOR_CIV_TORONTO_UNIQUE_INFLUENCE_BONUS
MINOR_CIV_VALLETTA_TRAIT,MINOR_CIV_VALLETTA_UNIQUE_INFLUENCE_PURCHASE_CHEAPER_WALLS_BONUS
MINOR_CIV_VALLETTA_TRAIT,MINOR_CIV_VALLETTA_UNIQUE_INFLUENCE_PURCHASE_CHEAPER_CASTLE_BONUS
MINOR_CIV_VALLETTA_TRAIT,MINOR_CIV_VALLETTA_UNIQUE_INFLUENCE_PURCHASE_CHEAPER_STAR_BONUS
MINOR_CIV_VALLETTA_TRAIT,MINOR_CIV_VALLETTA_UNIQUE_INFLUENCE_CITY_CENTER_BUILDINGS_BONUS
MINOR_CIV_VALLETTA_TRAIT,MINOR_CIV_VALLETTA_UNIQUE_INFLUENCE_ENCAMPMENT_BUILDINGS_BONUS
MINOR_CIV_YEREVAN_TRAIT,MINOR_CIV_YEREVAN_UNIQUE_INFLUENCE_BONUS
MINOR_CIV_ZANZIBAR_TRAIT,MINOR_CIV_ZANZIBAR_UNIQUE_INFLUENCE_CINNAMON_RESOURCE_BONUS
MINOR_CIV_ZANZIBAR_TRAIT,MINOR_CIV_ZANZIBAR_UNIQUE_INFLUENCE_CLOVES_RESOURCE_BONUS
TRAIT_CIVILIZATION_LEGEND_FIVE_SUNS,TRAIT_BUILDER_DISTRICT_PERCENT
TRAIT_CIVILIZATION_KHMER_BARAYS,TRAIT_AQUEDUCT_AMENITY
TRAIT_CIVILIZATION_KHMER_BARAYS,TRAIT_FARM_AQUEDUCT_ADJECENCY_FOOD
TRAIT_LEADER_MONASTERIES_KING,TRAIT_HOLY_SITE_CULTURE_BOMB
TRAIT_AGENDA_END_TO_SUFFERING,AGENDA_END_TO_SUFFERING
TRAIT_LEADER_EXALTED_GODDESS,TRAIT_NAVAL_MELEE_FAITH
TRAIT_LEADER_EXALTED_GODDESS,TRAIT_NAVAL_RANGED_FAITH
TRAIT_LEADER_EXALTED_GODDESS,TRAIT_NAVAL_RAIDER_FAITH
TRAIT_LEADER_EXALTED_GODDESS,TRAIT_NAVAL_CARRIER_FAITH
TRAIT_LEADER_EXALTED_GODDESS,TRAIT_IGNORE_EMBARK_DISEMBARK_COST_RELIGIOUS
TRAIT_LEADER_EXALTED_GODDESS,TRAIT_FAITH_CITY_CENTER
TRAIT_CIVILIZATION_INDONESIA_NUSANTARA,TRAIT_NUSANTARA_COAST_HOLY_SITE
TRAIT_CIVILIZATION_INDONESIA_NUSANTARA,TRAIT_NUSANTARA_COAST_CAMPUS
TRAIT_CIVILIZATION_INDONESIA_NUSANTARA,TRAIT_NUSANTARA_COAST_INDUSTRIAL_ZONE
TRAIT_CIVILIZATION_INDONESIA_NUSANTARA,TRAIT_NUSANTARA_COAST_THEATER
TRAIT_CIVILIZATION_INDONESIA_NUSANTARA,TRAIT_NUSANTARA_COAST_ENTERTAINMENT
TRAIT_AGENDA_ARCHIPELAGIC_STATE,AGENDA_ARCHIPELAGIC_STATE
TRAIT_CIVILIZATION_BUILDING_PRASAT,PRASAT_TOURISM_10_POPULATION
TRAIT_CIVILIZATION_BUILDING_PRASAT,PRASAT_TOURISM_20_POPULATION
TRAIT_CIVILIZATION_KHMER_BARAYS,BARAYS_FAITH_POPULATION
TRAIT_CIVILIZATION_KHMER_BARAYS,TRAIT_FARM_HOLY_SITE_ADJECENCY_FAITH
TRAIT_LEADER_MONASTERIES_KING,TRAIT_MONASTERIES_KING_HOLY_SITE_RIVER_ADJACENCY
TRAIT_LEADER_MONASTERIES_KING,TRAIT_MONASTERIES_KING_ADJACENCY_FOOD
TRAIT_LEADER_MONASTERIES_KING,TRAIT_HOLY_SITE_RIVER_2HOUSING
MINOR_CIV_AUCKLAND_TRAIT,MINOR_CIV_AUCKLAND_UNIQUE_INFLUENCE_BONUS_BASE
MINOR_CIV_AUCKLAND_TRAIT,MINOR_CIV_AUCKLAND_UNIQUE_INFLUENCE_BONUS_INDUSTRIAL
MINOR_CIV_ANTANANARIVO_TRAIT,MINOR_CIV_ANTANANARIVO_UNIQUE_INFLUENCE_BONUS
MINOR_CIV_ARMAGH_TRAIT,MINOR_CIV_ARMAGH_UNIQUE_INFLUENCE_BONUS
MINOR_CIV_GRANADA_TRAIT,MINOR_CIV_GRANADA_UNIQUE_INFLUENCE_BONUS
MINOR_CIV_MUSCAT_TRAIT,MINOR_CIV_MUSCAT_UNIQUE_INFLUENCE_BONUS
MINOR_CIV_PALENQUE_TRAIT,MINOR_CIV_PALENQUE_UNIQUE_INFLUENCE_BONUS
TRAIT_LEADER_LITHUANIAN_UNION,TRAIT_LITHUANIANUNION_FAITH_RELIC
TRAIT_LEADER_LITHUANIAN_UNION,TRAIT_LITHUANIANUNION_CULTURE_RELIC
TRAIT_LEADER_LITHUANIAN_UNION,TRAIT_LITHUANIANUNION_GOLD_RELIC
TRAIT_LEADER_LITHUANIAN_UNION,TRAIT_ADJACENT_DISTRICTS_HOLYSITE_ADJACENCYFAITH
TRAIT_LEADER_LITHUANIAN_UNION,TRAIT_CULTURE_BOMB_CONVERTS_CITY
TRAIT_CIVILIZATION_GOLDEN_LIBERTY,TRAIT_REPLACE_MILITARY_SLOT_WITH_WILDCARD
TRAIT_CIVILIZATION_GOLDEN_LIBERTY,TRAIT_CULTURE_BOMB_TRIGGER_ENCAMPMENT
TRAIT_CIVILIZATION_GOLDEN_LIBERTY,TRAIT_CULTURE_BOMB_TRIGGER_FORT
TRAIT_AGENDA_SAINT,AGENDA_SAINT_HIGH_FAITH
TRAIT_AGENDA_SAINT,AGENDA_SAINT_LOW_FAITH
TRAIT_CIVILIZATION_TA_SETI,TRAIT_ANCIENT_RANGED_UNIT_PRODUCTION
TRAIT_CIVILIZATION_TA_SETI,TRAIT_CLASSICAL_RANGED_UNIT_PRODUCTION
TRAIT_CIVILIZATION_TA_SETI,TRAIT_MEDIEVAL_RANGED_UNIT_PRODUCTION
TRAIT_CIVILIZATION_TA_SETI,TRAIT_RENAISSANCE_RANGED_UNIT_PRODUCTION
TRAIT_CIVILIZATION_TA_SETI,TRAIT_INDUSTRIAL_RANGED_UNIT_PRODUCTION
TRAIT_CIVILIZATION_TA_SETI,TRAIT_MODERN_RANGED_UNIT_PRODUCTION
TRAIT_CIVILIZATION_TA_SETI,TRAIT_ATOMIC_RANGED_UNIT_PRODUCTION
TRAIT_CIVILIZATION_TA_SETI,TRAIT_INFORMATION_RANGED_UNIT_PRODUCTION
TRAIT_CIVILIZATION_TA_SETI,TRAIT_STRATEGIC_MINE_PRODUCTION
TRAIT_CIVILIZATION_TA_SETI,TRAIT_BONUS_MINE_GOLD
TRAIT_CIVILIZATION_TA_SETI,TRAIT_LUXURY_MINE_GOLD
TRAIT_CIVILIZATION_TA_SETI,TRAIT_RANGED_EXPERIENCE_MODIFIER
TRAIT_LEADER_KANDAKE_OF_MEROE,TRAIT_BASE_DISTRICT_PRODUCTION_MODIFIER
TRAIT_LEADER_KANDAKE_OF_MEROE,TRAIT_PYRAMID_DISTRICT_PRODUCTION_MODIFIER
TRAIT_AGENDA_CITY_PLANNER,AGENDA_HIGH_DISTRICTS
TRAIT_AGENDA_CITY_PLANNER,AGENDA_LOW_DISTRICTS
TRAIT_CIVILIZATION_HELLENISTIC_FUSION,TRAIT_HELLENISTIC_FUSION_ENCAMPMENT_EUREKA
TRAIT_CIVILIZATION_HELLENISTIC_FUSION,TRAIT_HELLENISTIC_FUSION_CAMPUS_EUREKA
TRAIT_CIVILIZATION_HELLENISTIC_FUSION,TRAIT_HELLENISTIC_FUSION_HOLY_SITE_INSPIRATION
TRAIT_CIVILIZATION_HELLENISTIC_FUSION,TRAIT_HELLENISTIC_FUSION_THEATER_INSPIRATION
TRAIT_LEADER_TO_WORLDS_END,TRAIT_TOWORLDSEND_NO_WAR_WEARINESS
TRAIT_LEADER_TO_WORLDS_END,TRAIT_TOWORLDSEND_HEAL_ON_WONDER_CAPTURE
TRAIT_AGENDA_SHORT_LIFE_GLORY,AGENDA_SHORT_LIFE_GLORY
TRAIT_CIVILIZATION_SATRAPIES,TRAIT_SATRAPIES_INTERNAL_TRADE_CULTURE
TRAIT_CIVILIZATION_SATRAPIES,TRAIT_SATRAPIES_INTERNAL_TRADE_GOLD
TRAIT_CIVILIZATION_SATRAPIES,TRAIT_SATRAPIES_POLITICAL_PHILOSOPHY_TRADE_ROUTE
TRAIT_CIVILIZATION_SATRAPIES,TRAIT_SATRAPIES_IMPROVED_ROUTE_LEVEL
TRAIT_LEADER_FALL_BABYLON,TRAIT_ADDITIONAL_MARTIAL_LAW
TRAIT_LEADER_FALL_BABYLON,TRAIT_FALLBABYLON_SURPRISE_MOVEMENT
TRAIT_LEADER_FALL_BABYLON,TRAIT_FALLBABYLON_WARMONGER_MAX
TRAIT_AGENDA_BACKSTABBER,AGENDA_BACKSTABBER
TRAIT_AGENDA_SHORT_LIFE_GLORY,TRAIT_SHORT_LIFE_GRIEVANCE_DECAY
TRAIT_CIVILIZATION_LAND_DOWN_UNDER,TRAIT_CULTURE_BOMB_TRIGGER_PASTURE
TRAIT_CIVILIZATION_LAND_DOWN_UNDER,TRAIT_COASTAL_HOUSING
TRAIT_CIVILIZATION_LAND_DOWN_UNDER,TRAIT_CHARMING_CAMPUS
TRAIT_CIVILIZATION_LAND_DOWN_UNDER,TRAIT_BREATHTAKING_CAMPUS
TRAIT_CIVILIZATION_LAND_DOWN_UNDER,TRAIT_CHARMING_COMMERCIAL_HUB
TRAIT_CIVILIZATION_LAND_DOWN_UNDER,TRAIT_BREATHTAKING_COMMERCIAL_HUB
TRAIT_CIVILIZATION_LAND_DOWN_UNDER,TRAIT_CHARMING_HOLY_SITE
TRAIT_CIVILIZATION_LAND_DOWN_UNDER,TRAIT_BREATHTAKING_HOLY_SITE
TRAIT_CIVILIZATION_LAND_DOWN_UNDER,TRAIT_CHARMING_THEATER_DISTRICT
TRAIT_CIVILIZATION_LAND_DOWN_UNDER,TRAIT_BREATHTAKING_THEATER_DISTRICT
TRAIT_LEADER_CITADEL_CIVILIZATION,TRAIT_CITADELCIVILIZATION_DEFENSIVE_PRODUCTION
TRAIT_AGENDA_PERPETUALLY_ON_GUARD,AGENDA_PERPETUALLY_ON_GUARD_LIBERATION
TRAIT_AGENDA_PERPETUALLY_ON_GUARD,AGENDA_PERPETUALLY_ON_GUARD_OCCUPATION
TRAIT_LEADER_CITADEL_CIVILIZATION,TRAIT_CITADELCIVILIZATION_LIBERATION_PRODUCTION_XP2
TRAIT_AGENDA_BILLIONAIRE,AGENDA_BILLIONAIRE_TRADE
TRAIT_AGENDA_CHEOMSEONGDAE,AGENDA_CHEOMSEONGDAE_HIGH_SCIENCE
TRAIT_AGENDA_CHEOMSEONGDAE,AGENDA_CHEOMSEONGDAE_LOW_SCIENCE
TRAIT_AGENDA_FLOWER_OF_SCOTLAND,AGENDA_FLOWER_OF_SCOTLAND_BAN_WARS
TRAIT_AGENDA_FLOWER_OF_SCOTLAND,AGENDA_FLOWER_OF_SCOTLAND_WAR_NEIGHBORS
TRAIT_AGENDA_FLOWER_OF_SCOTLAND,AGENDA_FLOWER_OF_SCOTLAND_PEACE_NEIGHBORS
TRAIT_AGENDA_HORN_CHEST_LOINS,AGENDA_HORN_CHEST_LOINS
TRAIT_AGENDA_HORSE_LORD,AGENDA_HORSE_LORD
TRAIT_AGENDA_IRON_CONFEDERACY,AGENDA_IRON_CONFEDERACY_MANY_ALLIANCES
TRAIT_AGENDA_IRON_CONFEDERACY,AGENDA_IRON_CONFEDERACY_FEW_ALLIANCES
TRAIT_AGENDA_MAURYA_EMPIRE,AGENDA_MAURYA_EMPIRE_NEIGHBORS
TRAIT_AGENDA_MAURYA_EMPIRE,AGENDA_MAURYA_EMPIRE_NOT_NEIGHBORS
TRAIT_AGENDA_NARIKALA_FORTRESS,AGENDA_NARIKALA_FORTRESS_HIGH_WALLS
TRAIT_AGENDA_NARIKALA_FORTRESS,AGENDA_NARIKALA_FORTRESS_LOW_WALLS
TRAIT_AGENDA_SPIRIT_OF_TUCAPEL,AGENDA_SPIRIT_OF_TUCAPEL_GAINING_CITIES
TRAIT_AGENDA_SPIRIT_OF_TUCAPEL,AGENDA_SPIRIT_OF_TUCAPEL_LOSING_CITIES
TRAIT_CIVILIZATION_CREE_TRADE_GAIN_TILES,TRAIT_TRADE_GAIN_TILES_EN_ROUTE
TRAIT_CIVILIZATION_CREE_TRADE_GAIN_TILES,TRAIT_POTTERY_TRADE_ROUTE
TRAIT_CIVILIZATION_CREE_TRADE_GAIN_TILES,TRAIT_POTTERY_ADD_TRADER
TRAIT_CIVILIZATION_GROTE_RIVIEREN,TRAIT_HARBOR_CULTURE_BOMB
TRAIT_CIVILIZATION_GROTE_RIVIEREN,TRAIT_CAMPUS_RIVER_ADJACENCY
TRAIT_CIVILIZATION_GROTE_RIVIEREN,TRAIT_INDUSTRIAL_ZONE_RIVER_ADJACENCY
TRAIT_CIVILIZATION_GROTE_RIVIEREN,TRAIT_THEATER_DISTRICT_RIVER_ADJACENCY
TRAIT_CIVILIZATION_MONGOLIAN_ORTOO,TRAIT_TRADING_POST_DIPLO_VISIBILITY
TRAIT_CIVILIZATION_MONGOLIAN_ORTOO,TRAIT_IMMEDIATE_TRADING_POST
TRAIT_CIVILIZATION_MONGOLIAN_ORTOO,TRAIT_EACH_DIPLO_VISIBILITY_COMBAT_MODIFIER
TRAIT_CIVILIZATION_GOLDEN_AGE_QUESTS,TRAIT_ALLOW_QUESTS_IN_GOLDEN_AGE
TRAIT_CIVILIZATION_GOLDEN_AGE_QUESTS,TRAIT_WALLS_PRODUCTION
TRAIT_CIVILIZATION_GOLDEN_AGE_QUESTS,TRAIT_CASTLE_PRODUCTION
TRAIT_CIVILIZATION_GOLDEN_AGE_QUESTS,TRAIT_TSIKHE_PRODUCTION
TRAIT_CIVILIZATION_GOLDEN_AGE_QUESTS,TRAIT_STAR_FORT_PRODUCTION
TRAIT_CIVILIZATION_SCOTTISH_ENLIGHTENMENT,TRAIT_SCIENCE_HAPPY
TRAIT_CIVILIZATION_SCOTTISH_ENLIGHTENMENT,TRAIT_SCIENCE_ECSTATIC
TRAIT_CIVILIZATION_SCOTTISH_ENLIGHTENMENT,TRAIT_PRODUCTION_HAPPY
TRAIT_CIVILIZATION_SCOTTISH_ENLIGHTENMENT,TRAIT_PRODUCTION_ECSTATIC
TRAIT_CIVILIZATION_SCOTTISH_ENLIGHTENMENT,TRAIT_SCIENTIST_HAPPY
TRAIT_CIVILIZATION_SCOTTISH_ENLIGHTENMENT,TRAIT_SCIENTIST_ECSTATIC
TRAIT_CIVILIZATION_SCOTTISH_ENLIGHTENMENT,TRAIT_ENGINEER_HAPPY
TRAIT_CIVILIZATION_SCOTTISH_ENLIGHTENMENT,TRAIT_ENGINEER_ECSTATIC
TRAIT_CIVILIZATION_MAPUCHE_TOQUI,TRAIT_TOQUI_UNIT_EXPERIENCE_FROM_GOVERNOR
TRAIT_CIVILIZATION_MAPUCHE_TOQUI,TRAIT_TOQUI_UNIT_EXPERIENCE_FROM_GOVERNOR_NOT_FOUNDED
TRAIT_CIVILIZATION_MAPUCHE_TOQUI,TOQUI_CULTURE_FROM_GOVERNOR
TRAIT_CIVILIZATION_MAPUCHE_TOQUI,TOQUI_CULTURE_GOVERNOR_NOT_FOUNDED
TRAIT_CIVILIZATION_MAPUCHE_TOQUI,TOQUI_PRODUCTION_FROM_GOVERNOR
TRAIT_CIVILIZATION_MAPUCHE_TOQUI,TOQUI_PRODUCTION_GOVERNOR_NOT_FOUNDED
TRAIT_CIVILIZATION_MAPUCHE_TOQUI,TOQUI_DOMESTIC_LOYALTY
TRAIT_CIVILIZATION_MAPUCHE_TOQUI,TOQUI_FOREIGN_LOYALTY
TRAIT_CIVILIZATION_ZULU_ISIBONGO,TRAIT_ISIBONGO_GARRISONIDENTITY
TRAIT_CIVILIZATION_ZULU_ISIBONGO,TRAIT_ISIBONGO_GARRISONFORMATIONIDENTITY
TRAIT_CIVILIZATION_ZULU_ISIBONGO,TRAIT_ISIBONGO_UPGRADEMILITARYFORMATIONONCITYCONQUEST
TRAIT_CIVILIZATION_DISTRICT_IKANDA,TRAIT_IKANDA_BARRACKS_GOLD
TRAIT_CIVILIZATION_DISTRICT_IKANDA,TRAIT_IKANDA_BARRACKS_SCIENCE
TRAIT_CIVILIZATION_DISTRICT_IKANDA,TRAIT_IKANDA_STABLE_GOLD
TRAIT_CIVILIZATION_DISTRICT_IKANDA,TRAIT_IKANDA_STABLE_SCIENCE
TRAIT_CIVILIZATION_DISTRICT_IKANDA,TRAIT_IKANDA_ARMORY_GOLD
TRAIT_CIVILIZATION_DISTRICT_IKANDA,TRAIT_IKANDA_ARMORY_SCIENCE
TRAIT_CIVILIZATION_DISTRICT_IKANDA,TRAIT_IKANDA_MILITARY_ACADEMY_GOLD
TRAIT_CIVILIZATION_DISTRICT_IKANDA,TRAIT_IKANDA_MILITARY_ACADEMY_SCIENCE
TRAIT_LEADER_AMABUTHO,TRAIT_LAND_CORPS_EARLY
TRAIT_LEADER_AMABUTHO,TRAIT_LAND_ARMIES_EARLY
TRAIT_LEADER_AMABUTHO,TRAIT_LAND_CORPS_COMBAT_STRENGTH
TRAIT_LEADER_AMABUTHO,TRAIT_LAND_ARMIES_COMBAT_STRENGTH
TRAIT_LEADER_ARTHASHASTRA,TRAIT_TERRITORIAL_WAR_COMBAT
TRAIT_LEADER_ARTHASHASTRA,TRAIT_TERRITORIAL_WAR_MOVEMENT
TRAIT_LEADER_ARTHASHASTRA,TRAIT_TERRITORIAL_WAR_PREREQ_OVERRIDE
TRAIT_LEADER_BANNOCKBURN,TRAIT_LIBERATION_WAR_PRODUCTION
TRAIT_LEADER_BANNOCKBURN,TRAIT_LIBERATION_WAR_MOVEMENT
TRAIT_LEADER_BANNOCKBURN,TRAIT_LIBERATION_WAR_PREREQ_OVERRIDE
TRAIT_LEADER_HWARANG,TRAIT_ADJUST_CITY_CULTURE_PER_GOVERNOR_TITLE_MODIFIER
TRAIT_LEADER_HWARANG,TRAIT_ADJUST_CITY_SCIENCE_PER_GOVERNOR_TITLE_MODIFIER
TRAIT_LEADER_RELIGION_CITY_STATES,TRAIT_LEADER_FAITH_KILLS
TRAIT_LEADER_RELIGION_CITY_STATES,TRAIT_CITY_STATE_TOKEN_SAME_RELIGION
TRAIT_LEADER_ALLIANCE_AND_TRADE,TRAIT_ALLIANCE_SHARED_VIS
TRAIT_LEADER_ALLIANCE_AND_TRADE,TRAIT_TRADE_FOOD_FROM_CAMPS
TRAIT_LEADER_ALLIANCE_AND_TRADE,TRAIT_TRADE_GOLD_FROM_CAMPS
TRAIT_LEADER_ALLIANCE_AND_TRADE,TRAIT_TRADE_FOOD_FROM_PASTURES
TRAIT_LEADER_ALLIANCE_AND_TRADE,TRAIT_TRADE_GOLD_FROM_PASTURES
TRAIT_RADIO_ORANJE,TRAIT_IDENTITY_FROM_DOMESTIC_TRADE_ROUTES
TRAIT_RADIO_ORANJE,TRAIT_CULTURE_FROM_INTERNATIONAL_TRADE_ROUTES
TRAIT_RADIO_ORANJE,TRAIT_CULTURE_FROM_INCOMING_TRADE_ROUTES
TRAIT_LEADER_LAUTARO_ABILITY,TRAIT_DIMINISH_LOYALTY_IN_ENEMY_CITY
TRAIT_LEADER_LAUTARO_ABILITY,TRAIT_TOQUI_COMBAT_BONUS_VS_GOLDEN_AGE_CIV
TRAIT_LEADER_GENGHIS_KHAN_ABILITY,TRAIT_COMBAT_BONUS_FOR_CAVALRY
TRAIT_LEADER_GENGHIS_KHAN_ABILITY,TRAIT_CAVALRY_CAPTURE_CAVALRY
TRAIT_CIVILIZATION_GROTE_RIVIEREN,TRAIT_FLOOD_BARRIER_PRODUCTION
TRAIT_CIVILIZATION_GROTE_RIVIEREN,TRAIT_DAM_PRODUCTION_PRODUCTION
TRAIT_AGENDA_GOSSIP,AGENDA_GOSSIP_POSITIVE
TRAIT_AGENDA_GOSSIP,AGENDA_GOSSIP_NEGATIVE
TRAIT_AGENDA_SYCOPHANT,AGENDA_SYCOPHANT_GOLDEN_AGE
TRAIT_AGENDA_SYCOPHANT,AGENDA_SYCOPHANT_DARK_AGE
TRAIT_AGENDA_SYMPATHIZER,AGENDA_SYMPATHIZER_GOLDEN_AGE
TRAIT_AGENDA_SYMPATHIZER,AGENDA_SYMPATHIZER_DARK_AGE
TRAIT_CIVILIZATION_FOUNDING_FATHERS,TRAIT_ALL_DIPLO_POLICY_ARE_WILDCARDS
TRAIT_CIVILIZATION_TREASURE_FLEET,TRAIT_MISSION_IDENTITY_PER_TURN_MODIFIER
TRAIT_CIVILIZATION_ITERU,TRAIT_FLOODPLAINS_VALID_GOVERNMENT
TRAIT_LEADER_MAJOR_CIV,GOLDEN_AGE_CITY_IDENTITY
TRAIT_LEADER_MAJOR_CIV,DARK_AGE_CITY_IDENTITY
TRAIT_LEADER_MAJOR_CIV,LOW_DIFFICULTY_HUMAN_MARTIAL_LAW
TRAIT_LEADER_MAJOR_CIV,HIGH_DIFFICULTY_HUMAN_MARTIAL_LAW
TRAIT_LEADER_MAJOR_CIV,TRAIT_DELTA_DIPLO_VISIBILITY_COMBAT_MODIFIER
TRAIT_LEADER_MAJOR_CIV,STANDARD_DIPLOMATIC_BROKEN_PLEDGE
TRAIT_LEADER_MAJOR_CIV,STANDARD_DIPLOMATIC_KEPT_PLEDGE
TRAIT_LEADER_MAJOR_CIV,STANDARD_DIPLOMATIC_NO_PLEDGE
TRAIT_LEADER_MAJOR_CIV,STANDARD_DIPLOMATIC_SHARED_EMERGENCY
TRAIT_LEADER_ADVENTURES_ENKIDU,TRAIT_ALLIANCE_POINTS_FROM_COMMON_FOE
TRAIT_LEADER_ADVENTURES_ENKIDU,TRAIT_ATTACH_ALLIANCE_COMBAT_ADJUSTMENT
TRAIT_LEADER_MEDITERRANEAN,TRAIT_ALLIANCE_POINTS_FROM_TRADE
MINOR_CIV_ANTIOCH_TRAIT,MINOR_CIV_ANTIOCH_UNIQUE_INFLUENCE_BONUS
MINOR_CIV_CARTHAGE_TRAIT,MINOR_CIV_CARTHAGE_UNIQUE_INFLUENCE_BARRACKS_STABLE_PURCHASE_BONUS
MINOR_CIV_CARTHAGE_TRAIT,MINOR_CIV_CARTHAGE_UNIQUE_INFLUENCE_ARMORY_PURCHASE_BONUS
MINOR_CIV_CARTHAGE_TRAIT,MINOR_CIV_CARTHAGE_UNIQUE_INFLUENCE_MILITARY_ACADEMY_PURCHASE_BONUS
MINOR_CIV_BABYLON_TRAIT,MINOR_CIV_BABYLON_WRITING_BONUS
MINOR_CIV_BABYLON_TRAIT,MINOR_CIV_BABYLON_ARTIFACT_BONUS
MINOR_CIV_BABYLON_TRAIT,MINOR_CIV_BABYLON_RELIC_BONUS
MINOR_CIV_JERUSALEM_TRAIT,MINOR_CIV_JERUSALEM_UNIQUE_INFLUENCE_BONUS
MINOR_CIV_PRESLAV_TRAIT,MINOR_CIV_PRESLAV_UNIQUE_INFLUENCE_BARRACKS_STABLE_IDENTITY_BONUS
MINOR_CIV_PRESLAV_TRAIT,MINOR_CIV_PRESLAV_UNIQUE_INFLUENCE_ARMORY_IDENTITY_BONUS
MINOR_CIV_PRESLAV_TRAIT,MINOR_CIV_PRESLAV_UNIQUE_INFLUENCE_MILITARY_ACADEMY_IDENTITY_BONUS
MINOR_CIV_STOCKHOLM_TRAIT,MINOR_CIV_STOCKHOLM_UNIQUE_INFLUENCE_GREAT_GENERAL_POINTS_BONUS
MINOR_CIV_STOCKHOLM_TRAIT,MINOR_CIV_STOCKHOLM_UNIQUE_INFLUENCE_GREAT_ADMIRAL_POINTS_BONUS
MINOR_CIV_STOCKHOLM_TRAIT,MINOR_CIV_STOCKHOLM_UNIQUE_INFLUENCE_GREAT_ENGINEER_POINTS_BONUS
MINOR_CIV_STOCKHOLM_TRAIT,MINOR_CIV_STOCKHOLM_UNIQUE_INFLUENCE_GREAT_MERCHANT_POINTS_BONUS
MINOR_CIV_STOCKHOLM_TRAIT,MINOR_CIV_STOCKHOLM_UNIQUE_INFLUENCE_GREAT_PROPHET_POINTS_BONUS
MINOR_CIV_STOCKHOLM_TRAIT,MINOR_CIV_STOCKHOLM_UNIQUE_INFLUENCE_GREAT_SCIENTIST_POINTS_BONUS
MINOR_CIV_STOCKHOLM_TRAIT,MINOR_CIV_STOCKHOLM_UNIQUE_INFLUENCE_GREAT_WRITER_POINTS_BONUS
MINOR_CIV_STOCKHOLM_TRAIT,MINOR_CIV_STOCKHOLM_UNIQUE_INFLUENCE_GREAT_ARTIST_POINTS_BONUS
MINOR_CIV_STOCKHOLM_TRAIT,MINOR_CIV_STOCKHOLM_UNIQUE_INFLUENCE_GREAT_MUSICIAN_POINTS_BONUS
MINOR_CIV_VILNIUS_TRAIT,MINOR_CIV_VILNIUS_UNIQUE_INFLUENCE_ALLIANCE_LEVEL_1
MINOR_CIV_VILNIUS_TRAIT,MINOR_CIV_VILNIUS_UNIQUE_INFLUENCE_ALLIANCE_LEVEL_2
MINOR_CIV_VILNIUS_TRAIT,MINOR_CIV_VILNIUS_UNIQUE_INFLUENCE_ALLIANCE_LEVEL_3
TRAIT_AGENDA_PREFER_INCOME,AGENDA_MONEY_GRUBBER
TRAIT_AGENDA_EXPANSIONIST,AGENDA_EXPANSIONIST
TRAIT_AGENDA_FLAT_EARTHER,AGENDA_FLAT_EARTHER
TRAIT_AGENDA_GREAT_WHITE_FLEET,AGENDA_GREAT_WHITE_FLEET
TRAIT_AGENDA_INTOLERANT,AGENDA_INTOLERANT_SAME_RELIGION
TRAIT_AGENDA_INTOLERANT,AGENDA_INTOLERANT_ENCROACHING_RELIGION
TRAIT_AGENDA_PREFER_NODIPLOVP,AGENDA_HIGH_DIPLOVP
TRAIT_AGENDA_PREFER_NODIPLOVP,AGENDA_LOW_DIPLOVP
TRAIT_AGENDA_PREFER_NOFAVOR,AGENDA_HIGH_FAVOR
TRAIT_AGENDA_PREFER_NOFAVOR,AGENDA_LOW_FAVOR
TRAIT_AGENDA_PREFER_NOTOURISM,AGENDA_HIGH_TOURISM
TRAIT_AGENDA_PREFER_NOTOURISM,AGENDA_LOW_TOURISM
TRAIT_AGENDA_PREFER_PILLAGE,AGENDA_HIGH_PILLAGE
TRAIT_AGENDA_PREFER_PILLAGE,AGENDA_LOW_PILLAGE
TRAIT_AGENDA_TURTLER,AGENDA_TURTLER
TRAIT_AGENDA_ZEALOT,AGENDA_ZEALOT
TRAIT_CIVILIZATION_FOUNDING_FATHERS,TRAIT_WILD_CARD_FAVOR
TRAIT_CIVILIZATION_INDUSTRIAL_REVOLUTION,TRAIT_POWERED_BUILDINGS_MORE_CULTURE
TRAIT_CIVILIZATION_INDUSTRIAL_REVOLUTION,TRAIT_POWERED_BUILDINGS_MORE_GOLD
TRAIT_CIVILIZATION_INDUSTRIAL_REVOLUTION,TRAIT_POWERED_BUILDINGS_MORE_PRODUCTION
TRAIT_CIVILIZATION_INDUSTRIAL_REVOLUTION,TRAIT_POWERED_BUILDINGS_MORE_SCIENCE
TRAIT_CIVILIZATION_INDUSTRIAL_REVOLUTION,TRAIT_POWERED_BUILDINGS_MORE_FOOD
TRAIT_CIVILIZATION_INDUSTRIAL_REVOLUTION,TRAIT_ACCUMULATE_MORE_COAL
TRAIT_CIVILIZATION_INDUSTRIAL_REVOLUTION,TRAIT_ACCUMULATE_MORE_IRON
TRAIT_CIVILIZATION_INDUSTRIAL_REVOLUTION,TRAIT_ADJUST_MILITARY_ENGINEER_PRODUCTION
TRAIT_CIVILIZATION_INDUSTRIAL_REVOLUTION,TRAIT_ADJUST_MILITARY_ENGINEER_BUILDCHARGES
TRAIT_CIVILIZATION_INDUSTRIAL_REVOLUTION,TRAIT_ADJUST_INDUSTRIAL_ZONE_BUILDINGS_PRODUCTION
TRAIT_CIVILIZATION_INDUSTRIAL_REVOLUTION,TRAIT_ADJUST_LIGHTHOUSE_STOCKPILE_CAP
TRAIT_CIVILIZATION_INDUSTRIAL_REVOLUTION,TRAIT_ADJUST_SHIPYARD_STOCKPILE_CAP
TRAIT_CIVILIZATION_INDUSTRIAL_REVOLUTION,TRAIT_ADJUST_SEAPORT_STOCKPILE_CAP
TRAIT_CIVILIZATION_ITERU,TRAIT_AVOID_MODERATE_FLOOD
TRAIT_CIVILIZATION_ITERU,TRAIT_AVOID_MAJOR_FLOOD
TRAIT_CIVILIZATION_ITERU,TRAIT_AVOID_THOUSAND_FLOOD
TRAIT_CIVILIZATION_DHARMA,TRAIT_MISSIONARY_SPREADS
TRAIT_CIVILIZATION_DHARMA,TRAIT_AMENITIES_FOR_MIN_FOLLOWERS
TRAIT_CIVILIZATION_DHARMA,TRAIT_ORIGIN_DESTINATION_RELIGIOUS_PRESSURE
TRAIT_CIVILIZATION_MOTHER_RUSSIA,TRAIT_BLIZZARD_PREVENTION_SIGNIFICANT
TRAIT_CIVILIZATION_MOTHER_RUSSIA,TRAIT_BLIZZARD_PREVENTION_CRIPPLING
TRAIT_CIVILIZATION_MOTHER_RUSSIA,TRAIT_BLIZZARD_DOUBLE_DAMAGE_SIGNIFICANT
TRAIT_CIVILIZATION_MOTHER_RUSSIA,TRAIT_BLIZZARD_DOUBLE_DAMAGE_CRIPPLING
TRAIT_LEADER_MAJOR_CIV,STANDARD_DIPLOMATIC_THIRD_PARTY_WARMONGER
TRAIT_LEADER_PAX_BRITANNICA,TRAIT_FOREIGN_CONTINENT_TRADE_ROUTE
TRAIT_LEADER_PAX_BRITANNICA,TRAIT_FOREIGN_CONTINENT_MELEE_UNIT
TRAIT_LEADER_PAX_BRITANNICA,TRAIT_ROYAL_NAVY_DOCKYARD_NAVAL_UNIT
TRAIT_LEADER_DIVINE_WIND,TRAIT_HURRICANE_PREVENTION_CAT_4
TRAIT_LEADER_DIVINE_WIND,TRAIT_HURRICANE_PREVENTION_CAT_5
TRAIT_LEADER_DIVINE_WIND,TRAIT_HURRICANE_DOUBLE_DAMAGE_CAT_4
TRAIT_LEADER_DIVINE_WIND,TRAIT_HURRICANE_DOUBLE_DAMAGE_CAT_5
TRAIT_LEADER_EL_ESCORIAL,TRAIT_INQUISITORS_FULL_EVICT
TRAIT_LEADER_MELEE_COASTAL_RAIDS,TRAIT_LEADER_PILLAGE_SCIENCE_MINES
TRAIT_LEADER_MELEE_COASTAL_RAIDS,TRAIT_LEADER_PILLAGE_CULTURE_QUARRIES
TRAIT_LEADER_MELEE_COASTAL_RAIDS,TRAIT_LEADER_PILLAGE_CULTURE_PLANTATIONS
TRAIT_LEADER_MELEE_COASTAL_RAIDS,TRAIT_LEADER_PILLAGE_CULTURE_PASTURES
TRAIT_LEADER_MELEE_COASTAL_RAIDS,TRAIT_LEADER_PILLAGE_CULTURE_CAMPS
TRAIT_AGENDA_WITH_SHIELD,TRAIT_WITH_SHIELD_GRIEVANCE_DECAY
MINOR_CIV_AKKAD_TRAIT,MINOR_CIV_AKKAD_UNIQUE_INFLUENCE_BONUS_MELEE
MINOR_CIV_AKKAD_TRAIT,MINOR_CIV_AKKAD_UNIQUE_INFLUENCE_BONUS_ANTI_CAVALRY
MINOR_CIV_BOLOGNA_TRAIT,MINOR_CIV_BOLOGNA_UNIQUE_INFLUENCE_GREAT_GENERAL_POINTS_BONUS
MINOR_CIV_BOLOGNA_TRAIT,MINOR_CIV_BOLOGNA_UNIQUE_INFLUENCE_GREAT_ADMIRAL_POINTS_BONUS
MINOR_CIV_BOLOGNA_TRAIT,MINOR_CIV_BOLOGNA_UNIQUE_INFLUENCE_GREAT_ENGINEER_POINTS_BONUS
MINOR_CIV_BOLOGNA_TRAIT,MINOR_CIV_BOLOGNA_UNIQUE_INFLUENCE_GREAT_MERCHANT_POINTS_BONUS
MINOR_CIV_BOLOGNA_TRAIT,MINOR_CIV_BOLOGNA_UNIQUE_INFLUENCE_GREAT_PROPHET_POINTS_BONUS
MINOR_CIV_BOLOGNA_TRAIT,MINOR_CIV_BOLOGNA_UNIQUE_INFLUENCE_GREAT_SCIENTIST_POINTS_BONUS
MINOR_CIV_BOLOGNA_TRAIT,MINOR_CIV_BOLOGNA_UNIQUE_INFLUENCE_GREAT_WRITER_POINTS_BONUS
MINOR_CIV_BOLOGNA_TRAIT,MINOR_CIV_BOLOGNA_UNIQUE_INFLUENCE_GREAT_ARTIST_POINTS_BONUS
MINOR_CIV_BOLOGNA_TRAIT,MINOR_CIV_BOLOGNA_UNIQUE_INFLUENCE_GREAT_MUSICIAN_POINTS_BONUS
MINOR_CIV_CAHOKIA_TRAIT,MINOR_CIV_CAHOKIA_UNIQUE_INFLUENCE_BONUS
MINOR_CIV_CARDIFF_TRAIT,MINOR_CIV_CARDIFF_UNIQUE_INFLUENCE_POWER_LIGHTHOUSE
MINOR_CIV_CARDIFF_TRAIT,MINOR_CIV_CARDIFF_UNIQUE_INFLUENCE_POWER_SHIPYARD
MINOR_CIV_CARDIFF_TRAIT,MINOR_CIV_CARDIFF_UNIQUE_INFLUENCE_POWER_SEAPORT
MINOR_CIV_FEZ_TRAIT,MINOR_CIV_FEZ_UNIQUE_INFLUENCE_BONUS
MINOR_CIV_HATTUSA_TRAIT,MINOR_CIV_HATTUSA_UNIQUE_INFLUENCE_ALUMINUM_RESOURCE_XP2
MINOR_CIV_HATTUSA_TRAIT,MINOR_CIV_HATTUSA_UNIQUE_INFLUENCE_COAL_RESOURCE_XP2
MINOR_CIV_HATTUSA_TRAIT,MINOR_CIV_HATTUSA_UNIQUE_INFLUENCE_HORSES_RESOURCE_XP2
MINOR_CIV_HATTUSA_TRAIT,MINOR_CIV_HATTUSA_UNIQUE_INFLUENCE_IRON_RESOURCE_XP2
MINOR_CIV_HATTUSA_TRAIT,MINOR_CIV_HATTUSA_UNIQUE_INFLUENCE_NITER_RESOURCE_XP2
MINOR_CIV_HATTUSA_TRAIT,MINOR_CIV_HATTUSA_UNIQUE_INFLUENCE_OIL_RESOURCE_XP2
MINOR_CIV_HATTUSA_TRAIT,MINOR_CIV_HATTUSA_UNIQUE_INFLUENCE_URANIUM_RESOURCE_XP2
MINOR_CIV_MEXICO_CITY_TRAIT,MINOR_CIV_MEXICO_CITY_UNIQUE_INFLUENCE_BONUS
MINOR_CIV_NAZCA_TRAIT,MINOR_CIV_NAZCA_UNIQUE_INFLUENCE_BONUS
MINOR_CIV_NGAZARGAMU_TRAIT,MINOR_CIV_NGAZARGAMU_UNIQUE_INFLUENCE_BARRACKS_STABLE_PURCHASE_BONUS
MINOR_CIV_NGAZARGAMU_TRAIT,MINOR_CIV_NGAZARGAMU_UNIQUE_INFLUENCE_ARMORY_PURCHASE_BONUS
MINOR_CIV_NGAZARGAMU_TRAIT,MINOR_CIV_NGAZARGAMU_UNIQUE_INFLUENCE_MILITARY_ACADEMY_PURCHASE_BONUS
MINOR_CIV_RAPA_NUI_TRAIT,MINOR_CIV_RAPA_NUI_UNIQUE_INFLUENCE_BONUS
TRAIT_AGENDA_ANGEVIN_EMPIRE,AGENDA_ANGEVIN_EMPIRE
TRAIT_AGENDA_CANADIAN_EXPEDITIONARY,AGENDA_CANADIAN_EXPEDITIONARY
TRAIT_AGENDA_KAITIAKITANGA,AGENDA_KAITIAKITANGA
TRAIT_AGENDA_LAWGIVER,AGENDA_LAWGIVER
TRAIT_AGENDA_LORD_OF_MINES,AGENDA_LORD_OF_MINES
TRAIT_AGENDA_PATRON_OF_ARTS,AGENDA_PATRON_OF_ARTS
TRAIT_AGENDA_RAVEN_BANNER,AGENDA_RAVEN_BANNER
TRAIT_AGENDA_SAPA_INCA,AGENDA_SAPA_INCA_LOW_MOUNTAIN_CITIES
TRAIT_AGENDA_SAPA_INCA,AGENDA_SAPA_INCA_HIGH_MOUNTAIN_CITIES
TRAIT_AGENDA_SICILIAN_WARS,AGENDA_SICILIAN_WARS_LOW_COASTAL_CITES
TRAIT_AGENDA_SICILIAN_WARS,AGENDA_SICILIAN_WARS_HIGH_COASTAL_CITIES
TRAIT_CIVILIZATION_FACES_OF_PEACE,TRAIT_NO_SUPRISE_WAR_FOR_CANADA
TRAIT_LEADER_MAJOR_CIV,TRAIT_NO_SUPRISE_WAR_ON_CANADA
TRAIT_CIVILIZATION_FACES_OF_PEACE,TRAIT_TOURISM_INTO_FAVOR
TRAIT_CIVILIZATION_FACES_OF_PEACE,TRAIT_EMERGENCY_FAVOR_MODIFIER
TRAIT_CIVILIZATION_PEARL_DANUBE,TRAIT_CITY_ADJACENT_RIVER_BUILDING_PRODUCTION
TRAIT_CIVILIZATION_PEARL_DANUBE,TRAIT_CITY_ADJACENT_RIVER_DISTRICT_PRODUCTION
TRAIT_CIVILIZATION_GREAT_MOUNTAINS,TRAIT_WORK_GRASS_MOUNTAIN
TRAIT_CIVILIZATION_GREAT_MOUNTAINS,TRAIT_WORK_PLAINS_MOUNTAIN
TRAIT_CIVILIZATION_GREAT_MOUNTAINS,TRAIT_WORK_DESERT_MOUNTAIN
TRAIT_CIVILIZATION_GREAT_MOUNTAINS,TRAIT_WORK_TUNDRA_MOUNTAIN
TRAIT_CIVILIZATION_GREAT_MOUNTAINS,TRAIT_WORK_SNOW_MOUNTAIN
TRAIT_CIVILIZATION_GREAT_MOUNTAINS,TRAIT_PRODUCTION_MOUNTAIN
TRAIT_CIVILIZATION_GREAT_MOUNTAINS,TRAIT_PRODUCTION_MOUNTAIN_LATE
TRAIT_CIVILIZATION_GREAT_MOUNTAINS,TRAIT_TERRACE_GRASS_MOUNTAIN
TRAIT_CIVILIZATION_GREAT_MOUNTAINS,TRAIT_TERRACE_PLAINS_MOUNTAIN
TRAIT_CIVILIZATION_GREAT_MOUNTAINS,TRAIT_TERRACE_DESERT_MOUNTAIN
TRAIT_CIVILIZATION_GREAT_MOUNTAINS,TRAIT_TERRACE_TUNDRA_MOUNTAIN
TRAIT_CIVILIZATION_GREAT_MOUNTAINS,TRAIT_TERRACE_SNOW_MOUNTAIN
TRAIT_CIVILIZATION_MALI_GOLD_DESERT,TRAIT_DESERT_CITY_CENTER_FAITH
TRAIT_CIVILIZATION_MALI_GOLD_DESERT,TRAIT_DESERT_HILLS_CITY_CENTER_FAITH
TRAIT_CIVILIZATION_MALI_GOLD_DESERT,TRAIT_DESERT_HILLS_CITY_CENTER_FOOD
TRAIT_CIVILIZATION_MALI_GOLD_DESERT,TRAIT_DESERT_CITY_CENTER_FOOD
TRAIT_CIVILIZATION_MALI_GOLD_DESERT,TRAIT_MALI_MINES_PRODUCTION
TRAIT_CIVILIZATION_MALI_GOLD_DESERT,TRAIT_MALI_MINES_GOLD
TRAIT_CIVILIZATION_MALI_GOLD_DESERT,TRAIT_PURCHASE_COMMERCIAL_HUB_BUILDINGS_FAITH
TRAIT_CIVILIZATION_MALI_GOLD_DESERT,TRAIT_LESS_BUILDING_PRODUCTION
TRAIT_CIVILIZATION_MALI_GOLD_DESERT,TRAIT_LESS_UNIT_PRODUCTION
TRAIT_CIVILIZATION_MAORI_MANA,TRAIT_MAORI_MANA_OCEAN
TRAIT_CIVILIZATION_MAORI_MANA,TRAIT_MAORI_MANA_SAILING
TRAIT_CIVILIZATION_MAORI_MANA,TRAIT_MAORI_MANA_SHIPBUILDING
TRAIT_CIVILIZATION_MAORI_MANA,TRAIT_MAORI_EMBARKED_ABILITY
TRAIT_CIVILIZATION_MAORI_MANA,TRAIT_MAORI_PREVENT_HARVEST
TRAIT_CIVILIZATION_MAORI_MANA,TRAIT_MAORI_PRODUCTION_WOODS
TRAIT_CIVILIZATION_MAORI_MANA,TRAIT_MAORI_PRODUCTION_RAINFOREST
TRAIT_CIVILIZATION_MAORI_MANA,TRAIT_MAORI_PRODUCTION_RAINFOREST_MERCANTILISM
TRAIT_CIVILIZATION_MAORI_MANA,TRAIT_MAORI_PRODUCTION_WOODS_MERCANTILISM
TRAIT_CIVILIZATION_MAORI_MANA,TRAIT_MAORI_PRODUCTION_RAINFOREST_CONSERVATION
TRAIT_CIVILIZATION_MAORI_MANA,TRAIT_MAORI_PRODUCTION_WOODS_CONSERVATION
TRAIT_CIVILIZATION_MAORI_MANA,TRAIT_MAORI_FISHING_BOAT_FOOD
TRAIT_CIVILIZATION_MAORI_MANA,TRAIT_MAORI_FISHING_BOAT_CULTURE_BOMB
TRAIT_CIVILIZATION_IMPROVEMENT_MAORI_PA,TRAIT_MAORI_PA
TRAIT_CIVILIZATION_MEDITERRANEAN_COLONIES,TRAIT_COASTAL_CITIES_FULL_LOYALTY
TRAIT_CIVILIZATION_MEDITERRANEAN_COLONIES,TRAIT_MEDITERRANEAN_COLONIES_GRANT_SETTLERS_ABILITY
TRAIT_CIVILIZATION_MEDITERRANEAN_COLONIES,TRAIT_FREE_TECH_BOOST_WRITING
TRAIT_CIVILIZATION_GREAT_TURKISH_BOMBARD,TRAIT_SIEGE_PRODUCTION
TRAIT_CIVILIZATION_GREAT_TURKISH_BOMBARD,TRAIT_SIEGE_ABILITY
TRAIT_CIVILIZATION_GREAT_TURKISH_BOMBARD,TRAIT_CAPTURED_LOYALTY
TRAIT_CIVILIZATION_GREAT_TURKISH_BOMBARD,TRAIT_CAPTURED_AMENITY
TRAIT_CIVILIZATION_GREAT_TURKISH_BOMBARD,TRAIT_CAPTURED_NO_POPULATION_LOSS
TRAIT_CIVILIZATION_NOBEL_PRIZE,TRAIT_GREATPERSON_FAVOR_MODIFIER
TRAIT_CIVILIZATION_NOBEL_PRIZE,TRAIT_GREAT_SCIENTIST_UNIVERSITY_MODIFIER
TRAIT_CIVILIZATION_NOBEL_PRIZE,TRAIT_GREAT_ENGINEER_FACTORY_MODIFIER
TRAIT_LEADER_FOUNDER_CARTHAGE,TRADE_ROUTE_GOVERNMENT_DISTRICT
TRAIT_LEADER_FOUNDER_CARTHAGE,TRADE_ROUTE_GOVERNMENT_TIER_1_BUILDING
TRAIT_LEADER_FOUNDER_CARTHAGE,TRADE_ROUTE_GOVERNMENT_TIER_2_BUILDING
TRAIT_LEADER_FOUNDER_CARTHAGE,TRADE_ROUTE_GOVERNMENT_TIER_3_BUILDING
TRAIT_LEADER_FOUNDER_CARTHAGE,PRODUCTION_GOVERNMENT_DISTRICT
TRAIT_LEADER_FOUNDER_CARTHAGE,DISTRICT_COMPLETE_MOVE_CAPITAL
TRAIT_LEADER_ELEANOR_LOYALTY,SKIP_FREE_CITY
TRAIT_LEADER_ELEANOR_LOYALTY,IDENTITY_NEARBY_GREATWORKS
TRAIT_LEADER_KRISTINA_AUTO_THEME,AUTO_THEME_AT_LEAST_3_SLOTS
TRAIT_LEADER_KRISTINA_AUTO_THEME,AUTO_THEME_AT_LEAST_2_SLOTS
TRAIT_LEADER_KRISTINA_AUTO_THEME,THEMED_YIELD_MODIFIER
TRAIT_LEADER_KRISTINA_AUTO_THEME,THEMED_TOURISM_MODIFIER
TRAIT_LEADER_KUPES_VOYAGE,SCIENCE_PRESETTLEMENT
TRAIT_LEADER_KUPES_VOYAGE,CULTURE_PRESETTLEMENT
TRAIT_LEADER_KUPES_VOYAGE,BUILDER_PRESETTLEMENT
TRAIT_LEADER_KUPES_VOYAGE,POPULATION_PRESETTLEMENT
TRAIT_LEADER_KUPES_VOYAGE,CAPITAL_ENTERTAINMENT
TRAIT_LEADER_KUPES_VOYAGE,CAPITAL_HOUSING
TRAIT_LEADER_LAST_BEST_WEST,TUNDRA_FARMS
TRAIT_LEADER_LAST_BEST_WEST,TUNDRA_HILLS_FARMS
TRAIT_LEADER_LAST_BEST_WEST,TUNDRA_PLOT_COST
TRAIT_LEADER_LAST_BEST_WEST,TUNDRA_HILLS_PLOT_COST
TRAIT_LEADER_LAST_BEST_WEST,SNOW_PLOT_COST
TRAIT_LEADER_LAST_BEST_WEST,SNOW_HILLS_PLOT_COST
TRAIT_LEADER_LAST_BEST_WEST,TUNDRA_RESOURCE_EXTRACTION
TRAIT_LEADER_LAST_BEST_WEST,TUNDRA_HILLS_RESOURCE_EXTRACTION
TRAIT_LEADER_LAST_BEST_WEST,SNOW_RESOURCE_EXTRACTION
TRAIT_LEADER_LAST_BEST_WEST,SNOW_HILLS_RESOURCE_EXTRACTION
TRAIT_LEADER_LAST_BEST_WEST,TUNDRA_MINES_PRODUCTION
TRAIT_LEADER_LAST_BEST_WEST,TUNDRA_HILLS_MINES_PRODUCTION
TRAIT_LEADER_LAST_BEST_WEST,SNOW_MINES_PRODUCTION
TRAIT_LEADER_LAST_BEST_WEST,SNOW_HILLS_MINES_PRODUCTION
TRAIT_LEADER_LAST_BEST_WEST,TUNDRA_CAMPS_FOOD
TRAIT_LEADER_LAST_BEST_WEST,TUNDRA_HILLS_CAMPS_FOOD
TRAIT_LEADER_LAST_BEST_WEST,SNOW_CAMPS_FOOD
TRAIT_LEADER_LAST_BEST_WEST,SNOW_HILLS_CAMPS_FOOD
TRAIT_LEADER_LAST_BEST_WEST,TUNDRA_FARMS_FOOD
TRAIT_LEADER_LAST_BEST_WEST,TUNDRA_HILLS_FARMS_FOOD
TRAIT_LEADER_LAST_BEST_WEST,SNOW_FARMS_FOOD
TRAIT_LEADER_LAST_BEST_WEST,SNOW_HILLS_FARMS_FOOD
TRAIT_LEADER_LAST_BEST_WEST,TUNDRA_LUMBER_MILLS_PRODUCTION
TRAIT_LEADER_LAST_BEST_WEST,TUNDRA_HILLS_LUMBER_MILLS_PRODUCTION
TRAIT_LEADER_LAST_BEST_WEST,SNOW_LUMBER_MILLS_PRODUCTION
TRAIT_LEADER_LAST_BEST_WEST,SNOW_HILLS_LUMBER_MILLS_PRODUCTION
TRAIT_LEADER_RAVEN_KING,LEVY_MILITARY_TWO_FREE_ENVOYS
TRAIT_LEADER_RAVEN_KING,LEVY_UNITS_GRANT_ABILITY
TRAIT_LEADER_RAVEN_KING,LEVY_UNITUPGRADEDISCOUNT
TRAIT_LEADER_SAHEL_MERCHANTS,TRADE_ROUTE_GOLD_DESERT_ORIGIN
TRAIT_LEADER_SAHEL_MERCHANTS,GOLDEN_AGE_TRADE_ROUTE
TRAIT_LEADER_PACHACUTI_QHAPAQ_NAN,DOMESTIC_TRADE_ROUTE_FOOD_GRASS_MOUNTAIN_ORIGIN
TRAIT_LEADER_PACHACUTI_QHAPAQ_NAN,DOMESTIC_TRADE_ROUTE_FOOD_PLAINS_MOUNTAIN_ORIGIN
TRAIT_LEADER_PACHACUTI_QHAPAQ_NAN,DOMESTIC_TRADE_ROUTE_FOOD_DESERT_MOUNTAIN_ORIGIN
TRAIT_LEADER_PACHACUTI_QHAPAQ_NAN,DOMESTIC_TRADE_ROUTE_FOOD_TUNDRA_MOUNTAIN_ORIGIN
TRAIT_LEADER_PACHACUTI_QHAPAQ_NAN,DOMESTIC_TRADE_ROUTE_FOOD_SNOW_MOUNTAIN_ORIGIN
FIRST_EMPEROR_TRAIT,TRAIT_CANAL_UNLOCK_MASONRY
TRAIT_LEADER_SULEIMAN_GOVERNOR,SULEIMAN_GOVERNOR_POINTS
TRAIT_LEADER_UNIT_SULEIMAN_JANISSARY,JANISSARY_LOSE_POPULATION_IN_FOUNDED_CITIES
TRAIT_LEADER_ANTIQUES_AND_PARKS,TRAIT_NATIONAL_PARK_APPEAL_BONUS
TRAIT_LEADER_ANTIQUES_AND_PARKS,TRAIT_ANTIQUES_AND_PARKS_CULTURE_FORESTS_OR_WONDERS
TRAIT_LEADER_ANTIQUES_AND_PARKS,TRAIT_ANTIQUES_AND_PARKS_SCIENCE_NATIONAL_WONDERS_OR_MOUNTAINS
TRAIT_LEADER_ROOSEVELT_COROLLARY,TRAIT_ROOSEVELT_COROLLARY_TRADE_ROUTE_TOKEN
TRAIT_AGENDA_BULL_MOOSE,AGENDA_BULL_MOOSE
TRAIT_CIVILIZATION_EJERCITO_PATRIOTA,TRAIT_EJERCITO_PATRIOTA_EXTRA_MOVEMENT
TRAIT_CIVILIZATION_EJERCITO_PATRIOTA,TRAIT_PROMOTE_NO_FINISH_MOVES
TRAIT_CIVILIZATION_MAYAB,TRAIT_NO_FRESH_WATER_HOUSING
TRAIT_CIVILIZATION_MAYAB,TRAIT_ADD_AMENITY_PER_ADJACENT_LUXURY
TRAIT_CIVILIZATION_MAYAB,TRAIT_MAYA_FARMS_PRODUCTION
TRAIT_LEADER_CAMPANA_ADMIRABLE,TRAIT_LEADER_COMANDANTE_GENERAL_GUARANTEE_CLASSICAL
TRAIT_LEADER_CAMPANA_ADMIRABLE,TRAIT_LEADER_COMANDANTE_GENERAL_GUARANTEE_MEDIEVAL
TRAIT_LEADER_CAMPANA_ADMIRABLE,TRAIT_LEADER_COMANDANTE_GENERAL_GUARANTEE_RENAISSANCE
TRAIT_LEADER_CAMPANA_ADMIRABLE,TRAIT_LEADER_COMANDANTE_GENERAL_GUARANTEE_INDUSTRIAL
TRAIT_LEADER_CAMPANA_ADMIRABLE,TRAIT_LEADER_COMANDANTE_GENERAL_GUARANTEE_MODERN
TRAIT_LEADER_CAMPANA_ADMIRABLE,TRAIT_LEADER_COMANDANTE_GENERAL_GUARANTEE_ATOMIC
TRAIT_LEADER_CAMPANA_ADMIRABLE,TRAIT_LEADER_COMANDANTE_GENERAL_GUARANTEE_INFORMATION
TRAIT_LEADER_MUTAL,TRAIT_LEADER_NEARBY_CITIES_GAIN_YIELDS
TRAIT_LEADER_MUTAL,TRAIT_LEADER_NEARBY_CITIES_GAIN_BUILDER
TRAIT_LEADER_MUTAL,TRAIT_LEADER_NEARBY_CITIES_LOSE_YIELDS
TRAIT_LEADER_MUTAL,TRAIT_LEADER_NEARBY_CITIES_GAIN_ABILITY
MINOR_CIV_CAGUANA_TRAIT,MINOR_CIV_CAGUANA_UNIQUE_INFLUENCE_BONUS
MINOR_CIV_HUNZA_TRAIT,MINOR_CIV_HUNZA_UNIQUE_INFLUENCE_BONUS
MINOR_CIV_LAHORE_NIHANG_TRAIT,MINOR_CIV_LAHORE_UNIQUE_UNIT_UNLOCK
MINOR_CIV_SINGAPORE_TRAIT,MINOR_CIV_SINGAPORE_UNIQUE_INFLUENCE_BONUS
MINOR_CIV_TARUGA_TRAIT,MINOR_CIV_TARUGA_UNIQUE_INFLUENCE_ALUMINUM_RESOURCE
MINOR_CIV_TARUGA_TRAIT,MINOR_CIV_TARUGA_UNIQUE_INFLUENCE_COAL_RESOURCE
MINOR_CIV_TARUGA_TRAIT,MINOR_CIV_TARUGA_UNIQUE_INFLUENCE_HORSES_RESOURCE
MINOR_CIV_TARUGA_TRAIT,MINOR_CIV_TARUGA_UNIQUE_INFLUENCE_IRON_RESOURCE
MINOR_CIV_TARUGA_TRAIT,MINOR_CIV_TARUGA_UNIQUE_INFLUENCE_NITER_RESOURCE
MINOR_CIV_TARUGA_TRAIT,MINOR_CIV_TARUGA_UNIQUE_INFLUENCE_OIL_RESOURCE
MINOR_CIV_TARUGA_TRAIT,MINOR_CIV_TARUGA_UNIQUE_INFLUENCE_URANIUM_RESOURCE
MINOR_CIV_VATICAN_CITY_TRAIT,MINOR_CIV_VATICAN_CITY_UNIQUE_INFLUENCE_BONUS
TRAIT_AGENDA_LADY_SIX_SKY,AGENDA_MODIFIER_LADY_SIX_SKY_NEIGHBORS
TRAIT_AGENDA_LADY_SIX_SKY,AGENDA_MODIFIER_LADY_SIX_SKY_NOT_NEIGHBORS
TRAIT_AGENDA_SIMON_BOLIVAR,AGENDA_MODIFIER_SIMON_BOLIVAR
TRAIT_LEADER_CAMPANA_ADMIRABLE,TRAIT_LEADER_COMANDANTE_GENERAL_GUARANTEE_FUTURE
TRAIT_CIVILIZATION_BYZANTIUM,TRAIT_HOLY_CITIES_COMBAT
TRAIT_CIVILIZATION_BYZANTIUM,TRAIT_HOLY_CITIES_RELIGIOUS_COMBAT
TRAIT_CIVILIZATION_BYZANTIUM,BYZANTIUM_GREATPROPHETPOINTS
TRAIT_CIVILIZATION_GAUL,GAUL_MINE_CULTURE
TRAIT_CIVILIZATION_GAUL,GAUL_MINE_TOURISM
TRAIT_CIVILIZATION_GAUL,GAUL_MINE_CULTURE_BOMB
TRAIT_CIVILIZATION_GAUL,TRAIT_CIVILIZATION_GAUL_HOLYSITE_ADJACENCYFAITH
TRAIT_CIVILIZATION_GAUL,TRAIT_CIVILIZATION_GAUL_CAMPUS_ADJACENCYSCIENCE
TRAIT_CIVILIZATION_GAUL,TRAIT_CIVILIZATION_GAUL_HARBOR_ADJACENCYGOLD
TRAIT_CIVILIZATION_GAUL,TRAIT_CIVILIZATION_GAUL_COMMERCIALHUB_ADJACENCYGOLD
TRAIT_CIVILIZATION_GAUL,TRAIT_CIVILIZATION_GAUL_THEATER_ADJACENCYCULTURE
TRAIT_CIVILIZATION_GAUL,TRAIT_CIVILIZATION_GAUL_OPPIDUM_ADJACENCYPRODUCTION
TRAIT_CIVILIZATION_GAUL,TRAIT_CIVILIZATION_GAUL_CITY_NO_ADJACENT_DISTRICT
TRAIT_CIVILIZATION_DISTRICT_HIPPODROME,TRAIT_CREATE_HIPPODROME_HEAVY_CAVALRY
TRAIT_LEADER_AMBIORIX,TRAIT_GRANT_CULTURE_UNIT_TRAINED
TRAIT_LEADER_AMBIORIX,TRAIT_NEIGHBOR_COMBAT
TRAIT_LEADER_BASIL,TRAIT_ENABLE_WALL_ATTACK_SAME_RELIGION
TRAIT_LEADER_BASIL,TRAIT_ENABLE_WALL_ATTACK_LIGHT
TRAIT_LEADER_BASIL,TRAIT_ENABLE_WALL_ATTACK_HEAVY
TRAIT_AGENDA_BASIL_ZEALOT,AGENDA_BASIL_ZEALOT
TRAIT_AGENDA_AMBIORIX_ARMY,AGENDA_AMBIORIX_ARMY
TRAIT_CIVILIZATION_VIETNAM,TRAIT_DISTRICTS_FOREST_ONLY
TRAIT_CIVILIZATION_VIETNAM,TRAIT_DISTRICTS_MARSH_ONLY
TRAIT_CIVILIZATION_VIETNAM,TRAIT_DISTRICTS_JUNGLE_ONLY
TRAIT_CIVILIZATION_VIETNAM,TRAIT_FOREST_BUILDINGS_CULTURE
TRAIT_CIVILIZATION_VIETNAM,TRAIT_JUNGLE_BUILDINGS_SCIENCE
TRAIT_CIVILIZATION_VIETNAM,TRAIT_MARSH_BUILDINGS_PRODUCTION
TRAIT_CIVILIZATION_VIETNAM,TRAIT_PLANT_MEDIEVAL_WOODS
TRAIT_LEADER_KUBLAI,TRAIT_ECONOMIC_GOVERNMENT_SLOT
TRAIT_LEADER_KUBLAI,TRAIT_TRADING_POST_CIVIC_BOOST
TRAIT_LEADER_KUBLAI,TRAIT_TRADING_POST_TECH_BOOST
TRAIT_LEADER_TRIEU,TRAIT_TRIEU_ABILITY
TRAIT_AGENDA_TRIEU_DEFENDER,AGENDA_TRIEU_DEFENDER
TRAIT_AGENDA_KUBLAI_PAX,AGENDA_KUBLAI_PAX
TRAIT_LEADER_MAGNIFICENCES,MAGNIFICENCES_ALLOW_PROJECT
TRAIT_LEADER_MAGNIFICENCES,MAGNIFICENCES_CULTURE_LUXURY_ADJACENT_TO_THEATER_SQUARE_OR_CHATEAU
TRAIT_AGENDA_MAGNIFICENCES,AGENDA_MAGNIFICENCES
MINOR_CIV_SCIENTIFIC_TRAIT,MINOR_CIV_SCIENTIFIC_SMALL_INFLUENCE_CAPITAL
MINOR_CIV_SCIENTIFIC_TRAIT,MINOR_CIV_SCIENTIFIC_SMALL_INFLUENCE_ETHIOPIA
MINOR_CIV_SCIENTIFIC_TRAIT,MINOR_CIV_SCIENTIFIC_MEDIUM_INFLUENCE_ETHIOPIA
MINOR_CIV_SCIENTIFIC_TRAIT,MINOR_CIV_SCIENTIFIC_MEDIUM_INFLUENCE_UNIVERSITY
MINOR_CIV_SCIENTIFIC_TRAIT,MINOR_CIV_SCIENTIFIC_LARGE_INFLUENCE_ETHIOPIA
MINOR_CIV_SCIENTIFIC_TRAIT,MINOR_CIV_SCIENTIFIC_LARGE_INFLUENCE_RESEARCH_LAB
MINOR_CIV_RELIGIOUS_TRAIT,MINOR_CIV_RELIGIOUS_SMALL_INFLUENCE_CAPITAL
MINOR_CIV_RELIGIOUS_TRAIT,MINOR_CIV_RELIGIOUS_SMALL_INFLUENCE_ETHIOPIA
MINOR_CIV_RELIGIOUS_TRAIT,MINOR_CIV_RELIGIOUS_MEDIUM_INFLUENCE_ETHIOPIA
MINOR_CIV_RELIGIOUS_TRAIT,MINOR_CIV_RELIGIOUS_MEDIUM_INFLUENCE_TEMPLE
MINOR_CIV_RELIGIOUS_TRAIT,MINOR_CIV_RELIGIOUS_LARGE_INFLUENCE_ETHIOPIA
MINOR_CIV_RELIGIOUS_TRAIT,MINOR_CIV_RELIGIOUS_LARGE_INFLUENCE_CATHEDRAL
MINOR_CIV_RELIGIOUS_TRAIT,MINOR_CIV_RELIGIOUS_LARGE_INFLUENCE_DAR_E_MEHR
MINOR_CIV_RELIGIOUS_TRAIT,MINOR_CIV_RELIGIOUS_LARGE_INFLUENCE_GURDWARA
MINOR_CIV_RELIGIOUS_TRAIT,MINOR_CIV_RELIGIOUS_LARGE_INFLUENCE_MEETING_HOUSE
MINOR_CIV_RELIGIOUS_TRAIT,MINOR_CIV_RELIGIOUS_LARGE_INFLUENCE_MOSQUE
MINOR_CIV_RELIGIOUS_TRAIT,MINOR_CIV_RELIGIOUS_LARGE_INFLUENCE_PAGODA
MINOR_CIV_RELIGIOUS_TRAIT,MINOR_CIV_RELIGIOUS_LARGE_INFLUENCE_STUPA
MINOR_CIV_RELIGIOUS_TRAIT,MINOR_CIV_RELIGIOUS_LARGE_INFLUENCE_SYNAGOGUE
MINOR_CIV_RELIGIOUS_TRAIT,MINOR_CIV_RELIGIOUS_LARGE_INFLUENCE_WAT
MINOR_CIV_TRADE_TRAIT,MINOR_CIV_TRADE_SMALL_INFLUENCE_CAPITAL
MINOR_CIV_TRADE_TRAIT,MINOR_CIV_TRADE_SMALL_INFLUENCE_ETHIOPIA
MINOR_CIV_TRADE_TRAIT,MINOR_CIV_TRADE_SMALL_INFLUENCE_LIGHTHOUSE
MINOR_CIV_TRADE_TRAIT,MINOR_CIV_TRADE_MEDIUM_INFLUENCE_ETHIOPIA
MINOR_CIV_TRADE_TRAIT,MINOR_CIV_TRADE_MEDIUM_INFLUENCE_BANK
MINOR_CIV_TRADE_TRAIT,MINOR_CIV_TRADE_MEDIUM_INFLUENCE_SHIPYARD
MINOR_CIV_TRADE_TRAIT,MINOR_CIV_TRADE_LARGE_INFLUENCE_ETHIOPIA
MINOR_CIV_TRADE_TRAIT,MINOR_CIV_TRADE_LARGE_INFLUENCE_STOCK_EXCHANGE
MINOR_CIV_TRADE_TRAIT,MINOR_CIV_TRADE_LARGE_INFLUENCE_SEAPORT
MINOR_CIV_CULTURAL_TRAIT,MINOR_CIV_CULTURAL_SMALL_INFLUENCE_CAPITAL
MINOR_CIV_CULTURAL_TRAIT,MINOR_CIV_CULTURAL_SMALL_INFLUENCE_ETHIOPIA
MINOR_CIV_CULTURAL_TRAIT,MINOR_CIV_CULTURAL_MEDIUM_INFLUENCE_ETHIOPIA
MINOR_CIV_CULTURAL_TRAIT,MINOR_CIV_CULTURAL_MEDIUM_INFLUENCE_MUSEUM_ART
MINOR_CIV_CULTURAL_TRAIT,MINOR_CIV_CULTURAL_MEDIUM_INFLUENCE_MUSEUM_ARTIFACT
MINOR_CIV_CULTURAL_TRAIT,MINOR_CIV_CULTURAL_LARGE_INFLUENCE_ETHIOPIA
MINOR_CIV_CULTURAL_TRAIT,MINOR_CIV_CULTURAL_LARGE_INFLUENCE_BROADCAST_CENTER
MINOR_CIV_MILITARISTIC_TRAIT,MINOR_CIV_MILITARISTIC_SMALL_INFLUENCE_CAPITAL
MINOR_CIV_MILITARISTIC_TRAIT,MINOR_CIV_MILITARISTIC_SMALL_INFLUENCE_ETHIOPIA
MINOR_CIV_MILITARISTIC_TRAIT,MINOR_CIV_MILITARISTIC_MEDIUM_INFLUENCE_ETHIOPIA
MINOR_CIV_MILITARISTIC_TRAIT,MINOR_CIV_MILITARISTIC_MEDIUM_INFLUENCE_ARMORY
MINOR_CIV_MILITARISTIC_TRAIT,MINOR_CIV_MILITARISTIC_LARGE_INFLUENCE_ETHIOPIA
MINOR_CIV_MILITARISTIC_TRAIT,MINOR_CIV_MILITARISTIC_LARGE_INFLUENCE_MILITARY_ACADEMY
MINOR_CIV_INDUSTRIAL_TRAIT,MINOR_CIV_INDUSTRIAL_SMALL_INFLUENCE_BONUS_BUILDING_CAPITAL
MINOR_CIV_INDUSTRIAL_TRAIT,MINOR_CIV_INDUSTRIAL_SMALL_INFLUENCE_BONUS_DISTRICT_CAPITAL
MINOR_CIV_INDUSTRIAL_TRAIT,MINOR_CIV_INDUSTRIAL_SMALL_INFLUENCE_ETHIOPIA_BUILDING
MINOR_CIV_INDUSTRIAL_TRAIT,MINOR_CIV_INDUSTRIAL_SMALL_INFLUENCE_ETHIOPIA_DISTRICT
MINOR_CIV_INDUSTRIAL_TRAIT,MINOR_CIV_INDUSTRIAL_MEDIUM_INFLUENCE_ETHIOPIA_BUILDING
MINOR_CIV_INDUSTRIAL_TRAIT,MINOR_CIV_INDUSTRIAL_MEDIUM_INFLUENCE_ETHIOPIA_DISTRICT
MINOR_CIV_INDUSTRIAL_TRAIT,MINOR_CIV_INDUSTRIAL_MEDIUM_INFLUENCE_FACTORY_BUILDING
MINOR_CIV_INDUSTRIAL_TRAIT,MINOR_CIV_INDUSTRIAL_MEDIUM_INFLUENCE_FACTORY_DISTRICT
MINOR_CIV_INDUSTRIAL_TRAIT,MINOR_CIV_INDUSTRIAL_LARGE_INFLUENCE_ETHIOPIA_BUILDING
MINOR_CIV_INDUSTRIAL_TRAIT,MINOR_CIV_INDUSTRIAL_LARGE_INFLUENCE_ETHIOPIA_DISTRICT
MINOR_CIV_INDUSTRIAL_TRAIT,MINOR_CIV_INDUSTRIAL_LARGE_INFLUENCE_POWER_PLANT_BUILDING
MINOR_CIV_INDUSTRIAL_TRAIT,MINOR_CIV_INDUSTRIAL_LARGE_INFLUENCE_POWER_PLANT_DISTRICT
TRAIT_CIVILIZATION_ETHIOPIA,TRAIT_FAITH_RESOURCES
TRAIT_CIVILIZATION_ETHIOPIA,TRAIT_FAITH_BONUS_RESOURCES_TRADE_INTERNATIONAL
TRAIT_CIVILIZATION_ETHIOPIA,TRAIT_FAITH_LUXURY_RESOURCES_TRADE_INTERNATIONAL
TRAIT_CIVILIZATION_ETHIOPIA,TRAIT_FAITH_STRATEGIC_RESOURCES_TRADE_INTERNATIONAL
TRAIT_CIVILIZATION_ETHIOPIA,TRAIT_FAITH_ARCHAEOLOGIST
TRAIT_CIVILIZATION_ETHIOPIA,TRAIT_FAITH_MUSEUM_ARTIFACT
TRAIT_LEADER_MENELIK,TRAIT_FAITH_INTO_SCIENCE_HILLS
TRAIT_LEADER_MENELIK,TRAIT_FAITH_INTO_CULTURE_HILLS
TRAIT_LEADER_MENELIK,TRAIT_HILLS_COMBAT
TRAIT_AGENDA_ETHIOPIAN_HIGHLANDS,AGENDA_MODIFIER_CITIES_NEAR_HILLS
TRAIT_CIVILIZATION_BABYLON,TRAIT_EUREKA_INCREASE
TRAIT_CIVILIZATION_BABYLON,TRAIT_SCIENCE_DECREASE
TRAIT_LEADER_HAMMURABI,TRAIT_FREE_BUILDING_WHEN_DISTRICT_MADE
TRAIT_LEADER_HAMMURABI,TRAIT_FREE_ENVOY_WHEN_DISTRICT_MADE
MINOR_CIV_AYUTTHAYA_TRAIT,MINOR_CIV_AYUTTHAYA_UNIQUE_INFLUENCE_BONUS
MINOR_CIV_CHINGUETTI_TRAIT,MINOR_CIV_CHINGUETTI_UNIQUE_INFLUENCE_BONUS
MINOR_CIV_JOHANNESBURG_TRAIT,MINOR_CIV_JOHANNESBURG_UNIQUE_INFLUENCE_BONUS
MINOR_CIV_JOHANNESBURG_TRAIT,MINOR_CIV_JOHANNESBURG_UNIQUE_INFLUENCE_BONUS_LATE
MINOR_CIV_NALANDA_TRAIT,MINOR_CIV_NALANDA_UNIQUE_INFLUENCE_BONUS
MINOR_CIV_NALANDA_TRAIT,MINOR_CIV_NALANDA_FREE_TECHNOLOGY
MINOR_CIV_SAMARKAND_TRAIT,MINOR_CIV_SAMARKAND_UNIQUE_INFLUENCE_BONUS
MINOR_CIV_SAMARKAND_TRAIT,MINOR_CIV_SAMARKAND_TRADE_GOLD
MINOR_CIV_WOLIN_TRAIT,MINOR_CIV_WOLIN_GREAT_GENERAL_INFLUENCE_BONUS
MINOR_CIV_WOLIN_TRAIT,MINOR_CIV_WOLIN_GREAT_ADMIRAL_INFLUENCE_BONUS
TRAIT_AGENDA_HAMMURABI_DISTRICTS,AGENDA_HAMMURABI_DISTRICTS
TRAIT_LEADER_HAMMURABI,TRAIT_FREE_BUILDING_WHEN_DISTRICT_MADE_EXCEPT
TRAIT_LEADER_HAMMURABI,TRAIT_FREE_ENVOY_WHEN_DISTRICT_MADE_SPECIFIC
TRAIT_CIVILIZATION_PORTUGAL,TRAIT_FORBID_INTERNATIONAL_LAND_ROUTES
TRAIT_CIVILIZATION_PORTUGAL,TRAIT_INTERNATIONAL_TRADE_GAIN_ALL_YIELDS
TRAIT_CIVILIZATION_PORTUGAL,TRAIT_TRADER_EARLY_EMBARK
TRAIT_CIVILIZATION_PORTUGAL,TRAIT_WATER_TRADE_ROUTE_RANGE
TRAIT_CIVILIZATION_IMPROVEMENT_FEITORIA,TRADE_PRODUCTION_FROM_FEITORIA
TRAIT_CIVILIZATION_IMPROVEMENT_FEITORIA,TRADE_GOLD_FROM_FEITORIA
TRAIT_LEADER_JOAO_III,TRAIT_JOAO_CITY_STATE_OPEN_BORDERS
TRAIT_LEADER_JOAO_III,TRAIT_JOAO_TRADE_ROUTE_ON_MEET
TRAIT_LEADER_JOAO_III,TRAIT_JOAO_EXTRA_SIGHT
TRAIT_JOAO_EXPLORATION_AGENDA,AGENDA_JOAO_HIGH_EXPLORATION
TRAIT_JOAO_EXPLORATION_AGENDA,AGENDA_JOAO_LOW_EXPLORATION
